"íxÇÍì˙êî","ïiñ⁄î‘çÜ","ãüããé“","égópé“","êÊçsÇkÅ^Çs","ÇoÅ^ÇeÅiëóÇËêÊÅj","äiî[ÉçÉP","ïiñ⁄ñºèÃ","ÉIÅ[É_Å[ÇmÇè","éwé¶ì˙","î[ì¸éûçè","éwé¶êîó ","écêîó ","ê∂ééãÊï™","type"
0,"69J4113111CA80","6298","9550",0,"MF10","AD2","MANIFOLD, EXT. 1","00766",20240509,1100,20,20,,"T2"
0,"69J4113710CA80","6298","9550",0,"MF10","AD2","GUIDE, EXHAUST","00766",20240509,1100,20,20,,"T2"
0,"6KA45511000080","93B4","9523",0,"MF16","AC1","SHAFT,DRIVE 1","00822",20240509,1000,100,100,,"T"
0,"6CB45511010080","93B4","9523",0,"MF16","AC1","SHAFT,DRIVE 1","00774",20240509,1000,30,30,,"T"
0,"6CE45511000080","93B4","9523",0,"MF16","AC1","SHAFT,DRIVE 1","00347",20240509,1000,21,21,,"T"
0,"6CE45511100080","93B4","9523",0,"MF16","AC1","SHAFT,DRIVE 1","00750",20240509,1000,11,11,,"T"
0,"6AW45611000080","93B4","9523",0,"MF16","AC1","SHAFT,PROPELLER","00214",20240509,1000,18,18,,"T"
0,"6CB45611000080","93B4","9523",0,"MF16","AC1","SHAFT,PROPELLER","00941",20240509,1000,80,80,,"T"
0,"6JD45511000080","93B4","9523",0,"MF16","AC1","SHAFT,DRIVE 1","00577",20240509,1000,18,18,,"T"
0,"64E4331120CE80","3525","9530",0,"MF10","AG4","BRACKET SWIVEL(1)","00093",20240509,1000,2,2,,"T"
0,"6MLY126A000080","6451","9543",0,"MF15","A0A","AIR SHROUD,CYLINDER 3 SUB","00094",20240509,1000,4,4,,"T"
0,"6GR24596010080","6451","9543",0,"MF15","A0A","COVER","00571",20240509,1000,10,10,,"T"
0,"6EK81337010080","6236","9546",0,"MF15","A0B","COVER,FLYWHEEL","00520",20240509,1000,30,30,,"T"
0,"69J1531110CA80","3525","9550",0,"MF10","AD2","PAN,OIL","00766",20240509,1000,20,20,,"T"
0,"6CB11411000080","9182","9832",0,"MF36","BC1","CRANKSHAFT,1","00659",20240509,1000,48,48,,"T"
0,"6G511411020080","93B5","9835",0,"MF36","BD3","CRANK,SHAFT 1","00285",20240509,1000,20,20,,"T"
0,"63PY1A4A020080","9182","9835",0,"MF36","BD1","CRANKSHAFT ASSY.,1","00007",20240509,1000,20,20,,"T"
0,"6C511411100080","9182","9844",0,"MF36","BEA","CRANKSHAFT,1","00224",20240509,1000,40,40,,"T"
0,"6EK11411010080","9182","9844",0,"MF36","BEA","CRANKSHAFT,1","00403",20240509,1000,30,30,,"T"
0,"6CJ14200020080","0161","9847",0,"MF32","BED","INTAKE ASSY.","00277",20240509,1000,12,12,,"T"
0,"6P281337020080","6451","9543",0,"MF15","A0A","COVER,FLYWHEEL","00253",20240509,1600,30,30,,"T2"
0,"6CE42741028D80","7510","9543",0,"MF20","A0A","APRON 1","00977",20240509,1600,30,30,,"T2"
0,"6CE42771028D80","7510","9543",0,"MF20","A0A","APRON 2","00977",20240509,1600,30,30,,"T2"
0,"63P82314010080","6451","9546",0,"MF15","A0B","COVER,IGNITION COIL","00700",20240509,1600,20,20,,"T2"
0,"6DA82314010080","6451","9546",0,"MF15","A0B","COVER,IGNITION COIL","00055",20240509,1600,50,50,,"T2"
0,"63P81337110080","6451","9546",0,"MF15","A0B","COVER,FLYWHEEL","00670",20240509,1600,20,20,,"T2"
0,"6DA81337010080","6451","9546",0,"MF15","A0B","COVER,FLYWHEEL","00040",20240509,1600,50,50,,"T2"
0,"69J4113111CA80","6298","9550",0,"MF10","AD2","MANIFOLD, EXT. 1","00767",20240509,1600,10,10,,"T2"
0,"69J4113710CA80","6298","9550",0,"MF10","AD2","GUIDE, EXHAUST","00767",20240509,1600,10,10,,"T2"
0,"6G54113702CA80","6298","9553",0,"MF10","AG2","GUIDE, EXHAUST","00811",20240509,1600,20,20,,"T2"
0,"6KNY161A000080","9856","9832",0,"MF35","BC1","HEAD CYL.1 ASSY.","00277",20240509,1600,10,10,,"T2"
0,"6KNY162A000080","9856","9832",0,"MF35","BC1","HEAD CYL.2 ASSY.","00277",20240509,1600,10,10,,"T2"
0,"6G581337000080","6451","9836",0,"MF31","BH2","COVER,FLYWHEEL","00689",20240509,1600,20,20,,"T2"
0,"6C514200030080","0161","9847",0,"MF32","BED","INTAKE ASSY.","00103",20240509,1600,30,30,,"T2"
0,"6CJ14200020080","0161","9847",0,"MF32","BED","INTAKE ASSY.","00278",20240509,1600,28,28,,"T2"
0,"6P245511010080","93B4","9523",0,"MF16","AC1","SHAFT,DRIVE 1","00758",20240509,1500,30,30,,"T"
0,"69J45611000080","93B4","9523",0,"MF16","AC1","SHAFT, PROPELLER","00074",20240509,1500,30,30,,"T"
0,"6CB45611000080","93B4","9523",0,"MF16","AC1","SHAFT,PROPELLER","00942",20240509,1500,80,80,,"T"
0,"63P45511010080","93B4","9529",0,"MF16","AF1","SHAFT,DRIVE 1","00825",20240509,1500,26,26,,"T"
0,"63P45511110080","93B4","9529",0,"MF16","AF1","SHAFT,DRIVE 1","00299",20240509,1500,20,20,,"T"
0,"64D1472120CA80","3525","9530",0,"MF11","AG3","MUFF.2","00565",20240509,1500,20,20,,"T"
0,"6C54311110CE80","3525","9542",0,"MF10","AJ4","BRACKET,CLAMP(1)","00120",20240509,1500,11,11,,"T"
0,"6C54311201CE80","3525","9542",0,"MF10","AJ4","BRACKET, CLAMP 2","00120",20240509,1500,12,12,,"T"
0,"6C54331101CE80","3525","9542",0,"MF10","AJ4","BRACKET SWIVEL(1)","00120",20240509,1500,12,12,,"T"
0,"6C54311102CE80","3525","9542",0,"MF10","AJ4","BRACKET, CLAMP 1","00016",20240509,1500,1,1,,"T"
0,"6EK81337010080","6236","9546",0,"MF15","A0B","COVER,FLYWHEEL","00521",20240509,1500,10,10,,"T"
0,"69J1531110CA80","3525","9550",0,"MF10","AD2","PAN,OIL","00767",20240509,1500,10,10,,"T"
0,"6EK81337010080","6236","9567",0,"MF15","A0C","COVER,FLYWHEEL","00583",20240509,1500,20,20,,"T"
0,"6CB11411000080","9182","9832",0,"MF36","BC1","CRANKSHAFT,1","00660",20240509,1500,60,60,,"T"
0,"6P2Y1A4A100080","9182","9832",0,"MF36","BC1","CRANKSHAFT ASSY.,1","00713",20240509,1500,30,30,,"T"
0,"6GR11411010080","9182","9832",0,"MF36","BC1","CRANKSHAFT,1","00230",20240509,1500,10,10,,"T"
0,"6DAY1A4A000080","9182","9832",0,"MF36","BC1","CRANKSHAFT ASSY.,1","00131",20240509,1500,4,4,,"T"
0,"6DAY1A4A000080","9182","9835",0,"MF36","BD1","CRANKSHAFT ASSY.,1","00119",20240509,1500,40,40,,"T"
0,"6EK11411010080","9182","9835",0,"MF36","BD1","CRANKSHAFT,1","00245",20240509,1500,30,30,,"T"
0,"6C511411100080","9182","9844",0,"MF36","BEA","CRANKSHAFT,1","00225",20240509,1500,33,33,,"T"
0,"6EK11411010080","9182","9844",0,"MF36","BEA","CRANKSHAFT,1","00404",20240509,1500,30,30,,"T"
0,"6KAY427E00CE80","9194","9543",0,"MF20","A0A","APRON 1 COMP. ASSY","00163",20240509,1000,60,60,,"T4"
0,"6KAY427E00CE80","9194","9543",0,"MF20","A0A","APRON 1 COMP. ASSY","00164",20240509,1200,10,10,,"T4"
0,"6KAY427H00CE80","9194","9543",0,"MF20","A0A","APRON 2 COMP. ASSY","00163",20240509,1000,60,60,,"T4"
0,"6KAY427H00CE80","9194","9543",0,"MF20","A0A","APRON 2 COMP. ASSY","00164",20240509,1200,10,10,,"T4"
0,"6GRY427E00CE80","9194","9543",0,"MF20","A0A","APRON 1 COMP. ASSY","00027",20240509,1200,10,10,,"T4"
0,"6GRY427H00CE80","9194","9543",0,"MF20","A0A","APRON 2 COMP. ASSY","00027",20240509,1200,10,10,,"T4"
0,"6GR4514100CE80","9194","9543",0,"MF20","A0A","COVER UPPER CASING COMP.","00027",20240509,1200,10,10,,"T4"
0,"6KW42740008D80","9194","9543",0,"MF20","A0A","APRON 1 COMP.","00647",20240509,1700,20,20,,"T4"
0,"6KW42770008D80","9194","9543",0,"MF20","A0A","APRON COMP 2","00647",20240509,1700,20,20,,"T4"
0,"6KNY426J00CE80","9194","9543",0,"MF20","A0A","REAR PANEL ASSY","00217",20240509,1200,10,10,,"T4"
0,"6EKY426A000080","9194","9546",0,"MF21","A0B","TOP COWLING ASSY","00045",20240509,1000,10,10,,"T4"
0,"6EKY426A000080","9194","9546",0,"MF21","A0B","TOP COWLING ASSY","00046",20240509,1200,30,30,,"T4"
0,"6LH42740008D80","9194","9546",0,"MF21","A0B","APRON 1 COMP.","00551",20240509,1000,21,21,,"T4"
0,"6LH42740008D80","9194","9546",0,"MF21","A0B","APRON 1 COMP.","00552",20240509,1700,14,14,,"T4"
0,"6LH42770008D80","9194","9546",0,"MF21","A0B","APRON COMP 2","00551",20240509,1000,21,21,,"T4"
0,"6LH42770008D80","9194","9546",0,"MF21","A0B","APRON COMP 2","00552",20240509,1700,14,14,,"T4"
0,"6LH4274010CE80","9194","9546",0,"MF21","A0B","APRON 1 COMP.","00074",20240509,1000,3,3,,"T4"
0,"6LH4274000CE80","9194","9546",0,"MF21","A0B","APRON 1 COMP.","00477",20240509,1000,6,6,,"T4"
0,"6LH4277000CE80","9194","9546",0,"MF21","A0B","APRON COMP 2","00477",20240509,1000,6,6,,"T4"
0,"6LH42740108D80","9194","9546",0,"MF21","A0B","APRON 1 COMP.","00686",20240509,1700,6,6,,"T4"
0,"6DA42741118D80","9194","9546",0,"MF21","A0B","APRON 1","00173",20240509,1700,20,20,,"T4"
0,"6EK42741008D80","9194","9546",0,"MF21","A0B","APRON 1","00071",20240509,1000,10,10,,"T4"
0,"6EK42741008D80","9194","9546",0,"MF21","A0B","APRON 1","00072",20240509,1200,30,30,,"T4"
0,"6KA42710008D80","9194","9551",0,"MF10","AD3","BOTTOM COWLING ASSY","00803",20240509,1500,6,6,,"T4"
0,"6KA4271000CE80","9194","9551",0,"MF10","AD3","BOTTOM COWLING ASSY","00571",20240509,1500,4,4,,"T4"
0,"6KA4271000CE80","9194","9551",0,"MF10","AD3","BOTTOM COWLING ASSY","00572",20240509,1700,60,60,,"T4"
0,"6CB42710008D80","9194","9551",0,"MF10","AD3","BOTTOM COWLING ASSY","00711",20240509,1200,50,50,,"T4"
0,"6LH42710008D80","9194","9554",0,"MF10","AG3","BOTTOM COWLING ASSY","00583",20240509,1000,23,23,,"T4"
0,"6LH4271000CE80","9194","9554",0,"MF10","AG3","BOTTOM COWLING ASSY","00514",20240509,1000,7,7,,"T4"
0,"6DA42710008D80","9194","9554",0,"MF10","AG3","BOTTOM COWLING ASSY","00072",20240509,1200,18,18,,"T4"
0,"6DA4271000CE80","9194","9554",0,"MF10","AG3","BOTTOM COWLING ASSY","00009",20240509,1200,2,2,,"T4"
0,"6CY42610110080","9194","9567",0,"MF22","A0C","TOP COWLING ASSY.","00365",20240509,1000,15,15,,"T4"
0,"6C1Y426A510080","9194","9567",0,"MF22","A0C","TOP COWLING ASSY","00579",20240509,1700,5,5,,"T4"
0,"6C5Y426A710080","9194","9567",0,"MF22","A0C","TOP COWLING ASSY","00668",20240509,1000,3,3,,"T4"
0,"6C5Y426A710080","9194","9567",0,"MF22","A0C","TOP COWLING ASSY","00669",20240509,1700,15,15,,"T4"
0,"6CJY426A030080","9194","9567",0,"MF22","A0C","TOP COWLING ASSY","00361",20240509,1000,22,22,,"T4"
0,"6FP42610030080","9194","9567",0,"MF22","A0C","TOP COWLING ASSY.","00316",20240509,1200,30,30,,"T4"
0,"6FNY426A10NA80","9194","9567",0,"MF22","A0C","TOP COWLING ASSY","00020",20240509,1700,20,20,,"T4"
0,"6EK42741008D80","9194","9567",0,"MF22","A0C","APRON 1","00175",20240509,1700,20,20,,"T4"
0,"6FP42741008D80","9194","9567",0,"MF22","A0C","APRON 1","00212",20240509,1200,30,30,,"T4"
0,"6P213641000080","3544","9524",0,"MF11","AD1","MANIFOLD,INTAKE 1","00886",20240509,1100,30,30,,"T"
0,"6GRY126A100080","2721","9543",0,"MF15",,"AIR SHROUD,CYLINDER 3 SUB","00479",20240509,1100,10,10,,"T"
0,"69J45151008D80","3525","9543",0,"MF15","A0A","COVER, UPPER CASING 1","00706",20240509,1600,30,30,,"T"
0,"6FJ42610020080","2721","9543",0,"MF20",,"TOP COWLING ASSY.","00524",20240509,1600,1,1,,"T"
0,"6S142610120080","2721","9543",0,"MF20",,"TOP COWLING ASSY.","00433",20240509,1600,29,29,,"T"
0,"6KN4261000CE80","2721","9543",0,"MF20",,"TOP COWLING ASSY","00245",20240509,1100,10,10,,"T"
0,"6KNY427B00CE80","2721","9543",0,"MF20",,"COWLING,BOTTOM 2 SUB ASSY","00245",20240509,1100,10,10,,"T"
0,"6KNY427M00CE80","2721","9543",0,"MF20",,"COWLING,BOTTOM 3 SUB ASSY","00245",20240509,1100,10,10,,"T"
0,"6KWY426A030080","2721","9543",0,"MF20",,"TOP COWLING ASSY","00379",20240509,1600,20,20,,"T"
0,"69J42741008D80","3525","9543",0,"MF20","A0A","APRON 1","00994",20240509,1600,30,30,,"T"
0,"69J42771008D80","3525","9543",0,"MF20","A0A","APRON 2","00994",20240509,1600,30,30,,"T"
0,"6MLY426A01CE80","2721","9543",0,"MF20",,"TOP COWLING ASSY","00106",20240509,900,42,42,,"T"
0,"6MLY426A01CE80","2721","9543",0,"MF20",,"TOP COWLING ASSY","00107",20240509,1100,8,8,,"T"
0,"6CGY426A068D80","2721","9543",0,"MF20",,"TOP COWLING ASSY","00029",20240509,1600,12,12,,"T"
0,"6KAY426A02CE80","2721","9543",0,"MF20",,"TOP COWLING ASSY","00045",20240509,900,14,14,,"T"
0,"6KDY426A02CE80","2721","9543",0,"MF20",,"TOP COWLING ASSY","00021",20240509,900,3,3,,"T"
0,"6LWY426A008D80","2721","9546",0,"MF21",,"TOP COWLING ASSY.","00463",20240509,900,21,21,,"T"
0,"6LWY426A008D80","2721","9546",0,"MF21",,"TOP COWLING ASSY.","00464",20240509,1600,10,10,,"T"
0,"6LUY426A008D80","2721","9546",0,"MF21",,"TOP COWLING ASSY","00629",20240509,1600,7,7,,"T"
0,"6LH4261000CE80","2721","9546",0,"MF21",,"TOP COWLING ASSY.","00030",20240509,900,9,9,,"T"
0,"6LS42610008D80","2721","9546",0,"MF21",,"TOP COWLING ASSY.","00011",20240509,1600,6,6,,"T"
0,"63P42610728D80","2721","9546",0,"MF21",,"TOP COWLING ASSY","00035",20240509,1600,4,4,,"T"
0,"6BM42610028D80","2721","9546",0,"MF21",,"TOP COWLING ASSY","00093",20240509,1600,16,16,,"T"
0,"69J13411010080","8806","9550",0,"MF11","AD2","STRAINER,OIL","00592",20240509,900,20,20,,"T"
0,"69J13411010080","8806","9550",0,"MF11","AD2","STRAINER,OIL","00593",20240509,1100,10,10,,"T"
0,"6KA42401200080","946X","9552",0,"MF10","AD4","POWER STRG. CYL. ASSY.","00600",20240509,1100,40,40,,"T"
0,"6KA42401200080","946X","9552",0,"MF10","AD4","POWER STRG. CYL. ASSY.","00601",20240509,1400,10,10,,"T"
0,"6KA42401200080","946X","9552",0,"MF10","AD4","POWER STRG. CYL. ASSY.","00602",20240509,1600,37,37,,"T"
0,"63P13411000080","8806","9553",0,"MF11","AG2","STRAINER,OIL","00734",20240509,900,40,40,,"T"
0,"63P13411000080","8806","9553",0,"MF11","AG2","STRAINER,OIL","00735",20240509,1100,10,10,,"T"
0,"63P13411000080","8806","9553",0,"MF11","AG2","STRAINER,OIL","00736",20240509,1600,20,20,,"T"
0,"6P213300000080","3544","9832",0,"MF30","BC1","OIL PUMP ASSY.","00148",20240509,1600,30,30,,"T"
0,"6GR86120000080","3544","9832",0,"MF30","BC1","SOLENOID VALVE ASSY.","00302",20240509,1600,20,20,,"T"
0,"6P212618220080","3544","9832",0,"MF30","BC3","PULLEY,1","00145",20240509,900,20,20,,"T"
0,"6P212618220080","3544","9832",0,"MF30","BC3","PULLEY,1","00146",20240509,1600,40,40,,"T"
0,"6CB12618010080","3544","9832",0,"MF30","BC1","PULLEY,1","00410",20240509,900,50,50,,"T"
0,"6CB12618010080","3544","9832",0,"MF30","BC1","PULLEY,1","00411",20240509,1100,50,50,,"T"
0,"6CB12618010080","3544","9832",0,"MF30","BC1","PULLEY,1","00412",20240509,1400,40,40,,"T"
0,"6CB12618010080","3544","9832",0,"MF30","BC1","PULLEY,1","00413",20240509,1600,10,10,,"T"
0,"6CB12619010080","3544","9832",0,"MF30","BC1","PULLEY,2","00410",20240509,900,50,50,,"T"
0,"6CB12619010080","3544","9832",0,"MF30","BC1","PULLEY,2","00411",20240509,1100,50,50,,"T"
0,"6CB12619010080","3544","9832",0,"MF30","BC1","PULLEY,2","00412",20240509,1400,40,40,,"T"
0,"6CB12619010080","3544","9832",0,"MF30","BC1","PULLEY,2","00413",20240509,1600,10,10,,"T"
0,"6GR13300010080","3544","9832",0,"MF30","BC1","OIL PUMP ASSY.","00251",20240509,1600,10,10,,"T"
0,"6CB86120000080","3544","9832",0,"MF30","BC1","SOLENOID VALVE ASSY.","00610",20240509,900,120,120,,"T"
0,"6CB86120000080","3544","9832",0,"MF30","BC1","SOLENOID VALVE ASSY.","00611",20240509,1100,120,120,,"T"
0,"6CB86120000080","3544","9832",0,"MF30","BC1","SOLENOID VALVE ASSY.","00612",20240509,1400,80,80,,"T"
0,"6CB86120000080","3544","9832",0,"MF30","BC1","SOLENOID VALVE ASSY.","00613",20240509,1600,40,40,,"T"
0,"6CB13300000080","3544","9832",0,"MF30","BC1","OIL PUMP ASSY.","00489",20240509,900,50,50,,"T"
0,"6CB13300000080","3544","9832",0,"MF30","BC1","OIL PUMP ASSY.","00490",20240509,1100,50,50,,"T"
0,"6CB13300000080","3544","9832",0,"MF30","BC1","OIL PUMP ASSY.","00491",20240509,1400,40,40,,"T"
0,"6CB13300000080","3544","9832",0,"MF30","BC1","OIL PUMP ASSY.","00492",20240509,1600,10,10,,"T"
0,"6MLY161A000080","9856","9832",0,"MF35","BC1","HEAD CYL.1 ASSY.","00124",20240509,1400,45,45,,"T"
0,"6MLY161A000080","9856","9832",0,"MF35","BC1","HEAD CYL.1 ASSY.","00125",20240509,1600,5,5,,"T"
0,"6MLY162A000080","9856","9832",0,"MF35","BC1","HEAD CYL.2 ASSY.","00124",20240509,1400,45,45,,"T"
0,"6MLY162A000080","9856","9832",0,"MF35","BC1","HEAD CYL.2 ASSY.","00125",20240509,1600,5,5,,"T"
0,"6P2Y161A060080","9856","9832",0,"MF35","BC1","HEAD CYL.1 ASSY.","00811",20240509,1600,30,30,,"T"
0,"6P2Y162A060080","9856","9832",0,"MF35","BC1","HEAD CYL.2 ASSY.","00811",20240509,1600,30,30,,"T"
0,"6JDY161A030080","9856","9832",0,"MF35","BC1","HEAD CYL.1 ASSY.","00083",20240509,900,18,18,,"T"
0,"6JDY162A030080","9856","9832",0,"MF35","BC1","HEAD CYL.2 ASSY.","00083",20240509,900,18,18,,"T"
0,"6KAY161A010080","9856","9832",0,"MF35","BC1","HEAD CYL.1 ASSY.","00224",20240509,900,15,15,,"T"
0,"6KAY161A010080","9856","9832",0,"MF35","BC1","HEAD CYL.1 ASSY.","00225",20240509,1100,47,47,,"T"
0,"6KAY162A010080","9856","9832",0,"MF35","BC1","HEAD CYL.2 ASSY.","00224",20240509,900,15,15,,"T"
0,"6KAY162A010080","9856","9832",0,"MF35","BC1","HEAD CYL.2 ASSY.","00225",20240509,1100,47,47,,"T"
0,"6KWY161A010080","9856","9832",0,"MF35","BC1","HEAD CYL.1 ASSY.","00063",20240509,900,20,20,,"T"
0,"6KWY162A010080","9856","9832",0,"MF35","BC1","HEAD CYL.2 ASSY.","00063",20240509,900,20,20,,"T"
0,"6P214440000080","8806","9834",0,"MF30","AG1","SILENCER ASSY.","00255",20240509,900,30,30,,"T"
0,"6GR13751000080","3544","9834",0,"MF30","BG1","BODY,THROTTLE","00148",20240509,1600,50,50,,"T"
0,"6ML13641000080","3544","9834",0,"MF30","BG1","MANIFOLD,INTAKE 1","00148",20240509,1600,100,100,,"T"
0,"6P2Y823B050080","8806","9834",0,"MF30",,"BRKT I/G ASSY","00762",20240509,900,30,30,,"T"
0,"6CB13751110080","3544","9834",0,"MF30","BG2","BODY,THROTTLE","00551",20240509,1100,60,60,,"T"
0,"6CB13751110080","3544","9834",0,"MF30","BG2","BODY,THROTTLE","00552",20240509,1400,36,36,,"T"
0,"6CB13751110080","3544","9834",0,"MF30","BG2","BODY,THROTTLE","00553",20240509,1600,4,4,,"T"
0,"6P213750140080","3544","9834",0,"MF30","BG1","THROTTLE BODY ASSY.","00597",20240509,900,30,30,,"T"
0,"6CB8A410110080","3544","9834",0,"MF30","BG1","SENSOR UNIT","00348",20240509,1100,32,32,,"T"
0,"6P28A410020080","3544","9834",0,"MF30","BG1","SENSOR UNIT","00859",20240509,900,30,30,,"T"
0,"6CB13641000080","3544","9834",0,"MF30","BG1","MANIFOLD,INTAKE 1","00684",20240509,1100,40,40,,"T"
0,"6P213642000080","3544","9834",0,"MF30","BG1","MANIFOLD,INTAKE 2","00761",20240509,900,30,30,,"T"
0,"6CE13641000080","3544","9834",0,"MF30","BG1","MANIFOLD,INTAKE 1","00821",20240509,1100,60,60,,"T"
0,"6CE13641000080","3544","9834",0,"MF30","BG1","MANIFOLD,INTAKE 1","00822",20240509,1400,80,80,,"T"
0,"6CE13641000080","3544","9834",0,"MF30","BG1","MANIFOLD,INTAKE 1","00823",20240509,1600,20,20,,"T"
0,"6CB14180170080","3544","9834",0,"MF30","BG2","FLOAT CHAMBER ASSY.","00253",20240509,1100,51,51,,"T"
0,"6CB14180170080","3544","9834",0,"MF30","BG2","FLOAT CHAMBER ASSY.","00254",20240509,1400,36,36,,"T"
0,"6CB14180170080","3544","9834",0,"MF30","BG2","FLOAT CHAMBER ASSY.","00255",20240509,1600,9,9,,"T"
0,"6CB14180270080","3544","9834",0,"MF30","BG2","FLOAT CHAMBER ASSY.","00030",20240509,1400,4,4,,"T"
0,"6CB86120000080","3544","9835",0,"MF31","BD4","SOLENOID VALVE ASSY.","00137",20240509,1600,40,40,,"T"
0,"6P212618220080","3544","9835",0,"MF31","BD4","PULLEY,1","00635",20240509,900,17,17,,"T"
0,"6P212618220080","3544","9835",0,"MF31","BD4","PULLEY,1","00636",20240509,1600,20,20,,"T"
0,"6EK13300000080","3544","9835",0,"MF31","BD4","OIL PUMP ASSY.","00080",20240509,900,20,20,,"T"
0,"6EK13300000080","3544","9835",0,"MF31","BD4","OIL PUMP ASSY.","00081",20240509,1100,10,10,,"T"
0,"6EK24410000080","3544","9835",0,"MF31","BD3","FUEL PUMP ASSY.","00546",20240509,900,30,30,,"T"
0,"63P13300020080","3544","9835",0,"MF31","BD4","OIL PUMP ASSY.","00308",20240509,1400,15,15,,"T"
0,"63P13300020080","3544","9835",0,"MF31","BD4","OIL PUMP ASSY.","00309",20240509,1600,5,5,,"T"
0,"63P24410200080","3544","9835",0,"MF31",,"FUEL PUMP ASSY.","00177",20240509,1400,30,30,,"T"
0,"63P24410200080","3544","9835",0,"MF31",,"FUEL PUMP ASSY.","00178",20240509,1600,10,10,,"T"
0,"63PY118B030080","9856","9835",0,"MF35","BD3","HEAD CYL.ASSY.","00760",20240509,1400,12,12,,"T"
0,"63PY118B030080","9856","9835",0,"MF35","BD3","HEAD CYL.ASSY.","00761",20240509,1600,8,8,,"T"
0,"6EKY118B020080","9856","9835",0,"MF35","BD3","HEAD CYL.ASSY.","00266",20240509,900,13,13,,"T"
0,"6EMY118B020080","9856","9835",0,"MF35","BD3","HEAD CYL.ASSY.","00667",20240509,900,12,12,,"T"
0,"6EMY118B020080","9856","9835",0,"MF35","BD3","HEAD CYL.ASSY.","00668",20240509,1100,5,5,,"T"
0,"6DAY118B030080","9856","9835",0,"MF35","BD3","HEAD CYL.ASSY.","00341",20240509,900,19,19,,"T"
0,"6DAY118B030080","9856","9835",0,"MF35","BD3","HEAD CYL.ASSY.","00342",20240509,1600,27,27,,"T"
0,"6EKY151S01YY80","9840","9835",0,"MF35","BD1","CRANKCASE ASSY","00012",20240509,900,24,24,,"T"
0,"6EKY151S01YY80","9840","9835",0,"MF35","BD1","CRANKCASE ASSY","00013",20240509,1100,6,6,,"T"
0,"63PY151A080080","9840","9835",0,"MF35","BD1","CRANK CASE PISTON ASSY","00011",20240509,1400,10,10,,"T"
0,"63PY151A080080","9840","9835",0,"MF35","BD1","CRANK CASE PISTON ASSY","00012",20240509,1600,10,10,,"T"
0,"63P14440000080","8806","9836",0,"MF31","BH1","SILENCER ASSY.","00922",20240509,1600,16,16,,"T"
0,"6EM8A410000080","3544","9836",0,"MF31",,"SENSOR UNIT","00491",20240509,1100,7,7,,"T"
0,"6EM8A410000080","3544","9836",0,"MF31",,"SENSOR UNIT","00492",20240509,1600,10,10,,"T"
0,"6DA8A410020080","3544","9836",0,"MF31",,"SENSOR UNIT","00549",20240509,900,10,10,,"T"
0,"6DA8A410020080","3544","9836",0,"MF31",,"SENSOR UNIT","00550",20240509,1100,16,16,,"T"
0,"63P14200880080","3544","9836",0,"MF31",,"INTAKE ASSY.","00273",20240509,1600,10,10,,"T"
0,"6EK24410000080","3544","9844",0,"MF32",,"FUEL PUMP ASSY.","00706",20240509,1100,20,20,,"T"
0,"6EKY151S01YY80","9840","9844",0,"MF35",,"CRANKCASE ASSY","00924",20240509,1100,12,12,,"T"
0,"6EKY151S01YY80","9840","9844",0,"MF35",,"CRANKCASE ASSY","00925",20240509,1400,8,8,,"T"
0,"6EMY118B020080","9856","9844",0,"MF35","BEC","HEAD CYL.ASSY.","00766",20240509,1100,12,12,,"T"
0,"6EMY118B020080","9856","9844",0,"MF35","BEC","HEAD CYL.ASSY.","00767",20240509,1400,8,8,,"T"
0,"61SY118B110080","9856","9844",0,"MF35","BEC","HEAD CYL.ASSY.","00257",20240509,900,22,22,,"T"
0,"6C5Y118B100080","9856","9844",0,"MF35","BEC","HEAD CYL.ASSY.","00602",20240509,1600,30,30,,"T"
0,"6CJY118B100080","9856","9844",0,"MF35","BEC","HEAD CYL.ASSY.","00342",20240509,900,18,18,,"T"
0,"6CJY118B100080","9856","9844",0,"MF35","BEC","HEAD CYL.ASSY.","00343",20240509,1100,12,12,,"T"
0,"6EM8A410000080","3544","9847",0,"MF32",,"SENSOR UNIT","00034",20240509,1600,20,20,,"T"
0,"6DA11311009S80","9515","9853",1,"MF37","BA2","BODY,CYLINDER 1","00835",20240509,1600,66,66,,"D"
0,"6CE15111009S80","9515","9853",2,"MF37","BA3","CRANKCASE,1","00460",20240509,1600,96,96,,"D"
0,"69J11311119S80","9515","9853",1,"MF37","BA1","BODY,CYLINDER 1","00235",20240509,1600,58,58,,"D"
0,"6CE1131111YY80","9840","9853",1,"MF37","BA1","BODY,CYLINDER 1","00778",20240509,1600,66,66,,"D"
0,"6KA14711000080","7536","9519",0,"MF09",,"MUFF.,1","00797",20240509,1500,130,130,,"D"
0,"6KA45181000080","2720","9519",0,"MF09",,"PLATE","00797",20240509,1000,130,130,,"D"
0,"90344540020080","3873","9519",1,"MF09",,"PLUG,TAPER SCREW","00496",20240509,1000,70,70,,"D"
0,"90344530070080","3873","9519",1,"MF09",,"PLUG,TAPER SCREW","00292",20240509,1000,10,10,,"D"
0,"63P41137060080","6298","9519",0,"MF09",,"GUIDE,EXHAUST","00423",20240509,1500,50,50,,"D"
0,"6GR15311010080","4100","9519",0,"MF09",,"PAN,OIL","00946",20240509,1400,10,10,,"D"
0,"6GR1531B010080","4100","9519",0,"MF09",,"PAN,OIL 2","00947",20240509,1400,10,10,,"D"
0,"6C545181000080","6727","9519",0,"MF09",,"PLATE","00698",20240509,1000,20,20,,"D"
0,"6C541137030080","6298","9519",0,"MF09",,"GUIDE,EXHAUST","00827",20240509,1500,60,60,,"D"
0,"6EK41137010080","6298","9519",1,"MF09",,"GUIDE,EXHAUST","00841",20240509,1600,60,60,,"D"
0,"6EK45181010080","7536","9519",0,"MF09",,"PLATE","00825",20240509,1100,81,81,,"D"
0,"63P14711000080","7536","9519",0,"MF09",,"MUFFLER 1","00535",20240509,1100,20,20,,"D"
0,"63P41131010080","2720","9519",0,"MF09",,"MANIFOLD,EXT. 1","00533",20240509,1000,40,40,,"D"
0,"63P45181020080","1227","9519",0,"MF09",,"PLATE","00532",20240509,1100,40,40,,"D"
0,"6DA14711010080","7536","9519",0,"MF09",,"MUFF.,1","00488",20240509,1100,16,16,,"D"
0,"6DA14711110080","7536","9519",0,"MF09",,"MUFF.,1","00083",20240509,1100,4,4,,"D"
0,"6CE41137010080","2798","9519",0,"MF09",,"GUIDE,EXHAUST","00515",20240509,1500,52,52,,"D"
0,"90340260020080","0806","9519",1,"MF09",,"PLUG,STRAIGHT SCREW","00524",20240509,1000,560,560,,"D"
0,"6CB41132010080","7536","9519",0,"MF09",,"MANIFOLD,EXT. 2","00520",20240509,1000,150,150,,"D"
0,"6CB15311010080","6107","9519",0,"MF09",,"PAN,OIL","00513",20240509,1000,150,150,,"D"
0,"6KA45311000080","93B3","9520",1,"MF01","AA1","CASING,LOWER 1","00806",20240509,1000,108,108,,"D"
0,"6KA43800000080","7238","9520",1,"MF01","AA1","POWER TILT&TRIM ASSY.","00799",20240509,1000,50,50,,"D"
0,"6KA43800000080","7238","9520",1,"MF01","AA1","POWER TILT&TRIM ASSY.","A0065",20240509,1000,1,1,,"D"
0,"6KA45211000080","6107","9520",1,"MF01","AA1","EXTN.","00713",20240509,1100,26,26,,"D"
0,"6LH43112A00080","1002","9520",1,"MF01","AA1","BRKT.,CLAMP(2)","00013",20240509,1000,1,1,,"D"
0,"6BM45311010080","93B3","9520",1,"MF01","AA1","CASING,LOWER 1","00690",20240509,1000,24,24,,"D"
0,"6E545311070080","93B3","9520",1,"MF01","AA1","CASING,LOWER 1","00193",20240509,1000,105,105,,"D"
0,"6J945311070080","93B3","9520",1,"MF01","AA1","CASING,LOWER 1","00241",20240509,1000,48,48,,"D"
0,"6AW45311010080","93B3","9520",1,"MF01","AA1","CASING,LOWER 1","00160",20240509,1000,14,14,,"D"
0,"6CE45311000080","93B3","9520",1,"MF01","AA1","CASING,LOWER 1","00199",20240509,1000,24,24,,"D"
0,"6DX45311000080","93B3","9520",1,"MF01","AA1","CASING,LOWER 1","00260",20240509,1000,48,48,,"D"
0,"6P245311100080","93B3","9520",1,"MF01","AA1","CASING,LOWER 1","00614",20240509,1000,12,12,,"D"
0,"67F45311010080","93B3","9520",1,"MF01","AA1","CASING,LOWER 1","00200",20240509,1000,60,60,,"D"
0,"6GR43111000080","3020","9520",1,"MF01","AA1","BRKT.,CLAMP(1)","00292",20240509,1000,10,10,,"D"
0,"6GR43112000080","3020","9520",1,"MF01","AA1","BRKT.,CLAMP(2)","00292",20240509,1000,10,10,,"D"
0,"6GR44511000080","2720","9520",1,"MF01",,"COVER,UPR. MOUNT RUB. 1","00291",20240509,1000,20,20,,"D"
0,"6ML43112A00080","1002","9520",1,"MF01","AA1","BRKT.,CLAMP(2)","00008",20240509,1500,1,1,,"D"
0,"6KA4331100CG80","3525","9520",1,"MF01","AA1","BRACKET SWIVEL(1)","00554",20240509,1000,73,73,,"D"
0,"69J43112030080","7506","9520",1,"MF01","AA1","BRKT.,CLAMP(2)","00777",20240509,1100,100,100,,"D"
0,"6KA4331100CA80","3525","9520",1,"MF01","AA1","BRKT.,SWIVEL (1)","00760",20240509,1000,15,15,,"D"
0,"6KA45111010080","6298","9520",1,"MF01","AA1","CASING,UPPER","00104",20240509,1500,99,99,,"D"
0,"6CE45211100080","3020","9520",1,"MF01","AA1","EXTN.","00875",20240509,1000,25,25,,"D"
0,"6ML43800000080","7238","9520",1,"MF01","AA1","POWER TILT&TRIM ASSY.","00097",20240509,1000,50,50,,"D"
0,"6ML43800000080","7238","9520",1,"MF01","AA1","POWER TILT&TRIM ASSY.","A0006",20240509,1000,1,1,,"D"
0,"6EK44553000080","2720","9520",1,"MF01","AA1","COVER,LOWER MOUNT","00289",20240509,1000,180,180,,"D"
0,"6EK45111000080","6107","9520",1,"MF01","AA1","CASING,UPPER","00212",20240509,1000,50,50,,"D"
0,"6DA45111010080","6298","9520",1,"MF01","AA1","CASING,UPPER","00229",20240509,1400,1,1,,"D"
0,"6EK45111100080","6107","9520",1,"MF01","AA1","CASING,UPPER","00901",20240509,1000,50,50,,"D"
0,"6EK43311000080","9176","9520",1,"MF01","AA1","BRKT.,SWIVEL (1)","00215",20240509,1100,50,50,,"D"
0,"6EK43311100080","9176","9520",1,"MF01","AA1","BRKT.,SWIVEL (1)","00916",20240509,1100,50,50,,"D"
0,"6EK42711010080","9176","9520",1,"MF01","AA1","COWLING,BOTTOM 1","00255",20240509,1100,70,70,,"D"
0,"69J43111030080","7506","9520",1,"MF01",,"BRKT.,CLAMP(1)","00008",20240509,1100,50,50,,"D"
0,"69J43111110080","7506","9520",1,"MF01",,"BRKT.,CLAMP(1)","00870",20240509,1100,50,50,,"D"
0,"6JD45311000080","93B3","9520",1,"MF01","AA1","CASING,LOWER 1","00696",20240509,1000,40,40,,"D"
0,"64J43107020080","7238","9520",1,"MF01","AA1","SHOCK ABSORBER SUB-ASSY.","00893",20240509,1000,5,5,,"D"
0,"6GR45311020080","93B3","9520",1,"MF01","AA1","CASING,LOWER 1","00553",20240509,1000,20,20,,"D"
0,"6GR43311020080","9176","9520",1,"MF01","AA1","BRKT.,SWIVEL (1)","00542",20240509,1100,10,10,,"D"
0,"63P42711110080","9176","9520",1,"MF01","AA1","COWLING,BOTTOM 1","00289",20240509,1100,20,20,,"D"
0,"6DA45111100080","6298","9520",1,"MF01","AA1","CASING,UPPER","00539",20240509,1400,4,4,,"D"
0,"63D4536102CA80","1227","9520",1,"MF01","AA1","CAP, LOWER CASING","00187",20240509,1100,20,20,,"D"
0,"69J43800130080","7238","9520",1,"MF01","AA1","POWER TILT&TRIM ASSY.","00437",20240509,1000,100,100,,"D"
0,"69J43800130080","7238","9520",1,"MF01","AA1","POWER TILT&TRIM ASSY.","A0025",20240509,1000,1,1,,"D"
0,"6LH43111000080","1002","9520",1,"MF01","AA1","BRKT.,CLAMP(1)","00357",20240509,1000,20,20,,"D"
0,"6LH43112000080","1002","9520",1,"MF01","AA1","BRKT.,CLAMP(2)","00357",20240509,1000,19,19,,"D"
0,"6LH45111000080","6298","9520",1,"MF01","AA1","CASING,UPPER","00352",20240509,1400,16,16,,"D"
0,"69J438000A0080","7238","9520",1,"MF01","AA1","POWER TILT&TRIM ASSY.","00290",20240509,1000,20,20,,"D"
0,"6CJ42711010080","9176","9520",1,"MF01","AA1","COWLING,BOTTOM 1","00654",20240509,1100,48,48,,"D"
0,"6C543112010080","7506","9520",1,"MF01","AA1","BRKT.,CLAMP(2)","00991",20240509,1100,70,70,,"D"
0,"6EK43111000080","7536","9520",1,"MF01",,"BRKT.,CLAMP(1)","00308",20240509,1100,100,100,,"D"
0,"6EK43112000080","7536","9520",1,"MF01",,"BRKT.,CLAMP(2)","00308",20240509,1100,100,100,,"D"
0,"61A43311220080","1056","9520",1,"MF01","AA1","BRKT.,SWIVEL (1)","00466",20240509,1000,72,72,,"D"
0,"63D43311130080","7506","9520",1,"MF01","AA1","BRACKET SWIVEL(1)","00497",20240509,1100,1,1,,"D"
0,"6BM45211000080","4208","9520",1,"MF01","AA1","EXTN.","00897",20240509,1000,20,20,,"D"
0,"6E542711430080","1056","9520",1,"MF01","AA1","COWLING, BOTTOM 1","00512",20240509,1000,20,20,,"D"
0,"6E542740010080","2798","9520",1,"MF01","AA1","APRON 1 COMP","00425",20240509,1100,30,30,,"D"
0,"6E545111230080","1056","9520",1,"MF01","AA1","CASING, UPPER","00621",20240509,1000,19,19,,"D"
0,"6C545211000080","1056","9520",1,"MF01","AA1","EXTN.","00761",20240509,1000,5,5,,"D"
0,"6U043311100080","1056","9520",1,"MF01","AA2","BRACKET SWIVEL(1)","00130",20240509,1000,2,2,,"D"
0,"68845341100080","3807","9520",1,"MF01","AA1","PLUG,DRAIN","00382",20240509,1000,500,500,,"D"
0,"69J45111100080","6298","9520",1,"MF01","AA1","CASING,UPPER","00996",20240509,1400,42,42,,"D"
0,"6D045361000080","7536","9520",1,"MF01","AA1","CAP, LOWER CASING","00344",20240509,1000,52,52,,"D"
0,"63P44553000080","7536","9520",1,"MF01","AA1","COVER,LOWER MOUNT","00289",20240509,1200,18,18,,"D"
0,"63P44556000080","7536","9520",1,"MF01","AA1","COVER,LOWER MOUNT 2","00294",20240509,1200,18,18,,"D"
0,"64E43111020080","7506","9520",1,"MF01","AA1","BRACKET,CLAMP(1)","00231",20240509,1100,70,70,,"D"
0,"64E43112020080","7506","9520",1,"MF01","AA1","BRACKET,CLAMP(2)","00222",20240509,1100,70,70,,"D"
0,"63P45111000080","6298","9520",1,"MF01","AA1","CASING, UPPER","00330",20240509,1400,30,30,,"D"
0,"66344553010080","7536","9520",1,"MF01","AA1","COVER,LOWER MOUNT","00940",20240509,1000,5,5,,"D"
0,"6C544552000080","7536","9520",1,"MF01","AA1","HOUSING, LOWER MOUNT RUBB","00223",20240509,1000,120,120,,"D"
0,"60H44552000080","7536","9520",1,"MF01",,"HSG.,LOWER MOUNT RUBBER 2","00186",20240509,1000,40,40,,"D"
0,"6FP42711000080","9176","9520",1,"MF01","AA1","COWLING,BOTTOM 1","00737",20240509,1100,30,30,,"D"
0,"62Y13316000080","7536","9520",1,"MF02",,"COVER, PUMP","00349",20240509,1000,50,50,,"D"
0,"62Y44117010080","7536","9520",1,"MF02",,"BRACKET 1","00133",20240509,1000,150,150,,"D"
0,"68813641010080","7536","9520",1,"MF02",,"MANIFOLD,INTAKE 1","00001",20240509,1000,108,108,,"D"
0,"6CB15411000080","3020","9520",1,"MF02","AA1","COVER,CRANKCASE 1","00339",20240509,1100,30,30,,"D"
0,"6CB15421100080","3020","9520",1,"MF02","AA1","COVER,CRANKCASE 2","00382",20240509,1100,30,30,,"D"
0,"6CB44117000080","8300","9520",1,"MF02",,"BRKT.,1","00328",20240509,1000,50,50,,"D"
0,"6DA85991010080","7536","9520",1,"MF02","AA1","BRKT. UNIT","00463",20240509,1000,20,20,,"D"
0,"6EK14291000080","2720","9520",1,"MF02",,"BRKT.,1","00185",20240509,1000,38,38,,"D"
0,"6EK13446000080","7536","9520",1,"MF02",,"CONNECTOR","00291",20240509,1000,70,70,,"D"
0,"6EK13152020080","8300","9520",1,"MF02",,"STAY,2","00125",20240509,1000,60,60,,"D"
0,"6CE44142200080","7536","9520",1,"MF02","AA1","JT.","00305",20240509,1000,66,66,,"D"
0,"6EK11191100080","2720","9520",1,"MF02",,"COVER,CYLINDER HEAD 1","00211",20240509,1000,40,40,,"D"
0,"6EM11191000080","2720","9520",1,"MF02",,"COVER,CYLINDER HEAD 1","00041",20240509,1000,20,20,,"D"
0,"6EM14291000080","2720","9520",1,"MF02",,"BRKT.,1","00527",20240509,1000,22,22,,"D"
0,"6FP81822100080","2720","9520",1,"MF02",,"BRKT.,ELECTRIC MOTOR","00984",20240509,1000,40,40,,"D"
0,"6DA13152000080","7536","9520",1,"MF02","AA1","STAY,2","00339",20240509,1000,20,20,,"D"
0,"6DA24425000080","2720","9520",1,"MF02","AA1","BRKT.,FUEL PUMP 1","00964",20240509,1000,120,120,,"D"
0,"6DA44176000080","2720","9520",1,"MF02","AA1","BRKT.","00463",20240509,1000,26,26,,"D"
0,"6DA81822000080","7536","9520",1,"MF02","AA1","BRKT.,ELECTRIC MOTOR","00344",20240509,1000,20,20,,"D"
0,"6DV44118000080","2720","9520",1,"MF02","AA1","BRKT.,2","00755",20240509,1000,21,21,,"D"
0,"6DV44142000080","7536","9520",1,"MF02","AA1","JT.","00697",20240509,1000,20,20,,"D"
0,"6DV44176000080","2720","9520",1,"MF02","AA1","BRKT.","00766",20240509,1000,21,21,,"D"
0,"6EK81822010080","7536","9520",1,"MF02",,"BRKT.,ELECTRIC MOTOR","00903",20240509,1000,60,60,,"D"
0,"6FP13446000080","7536","9520",1,"MF02",,"CONNECTOR","00717",20240509,1100,41,41,,"D"
0,"6FP41662000080","7536","9520",1,"MF02",,"BRKT.,2","00696",20240509,1000,20,20,,"D"
0,"93317222040080","7565","9522",1,"MF14",,"BRG.","00090",20240509,1000,10,10,,"D"
0,"93311944A00080","4553","9523",1,"MF11","AC1","BRG.","00291",20240509,1100,11,11,,"D"
0,"93332000420080","2662","9523",1,"MF11",,"BRG.","00997",20240509,1000,9,9,,"D"
0,"93306015010080","2662","9523",1,"MF11",,"BRG.","00997",20240509,1000,9,9,,"D"
0,"93399999670080","2662","9523",1,"MF11",,"BRG.","00291",20240509,1000,11,11,,"D"
0,"93341930200080","7565","9523",1,"MF11","AC1","BRG.","00440",20240509,1000,30,30,,"D"
0,"93317635B50080","2662","9523",1,"MF11",,"BRG.","00453",20240509,1000,13,13,,"D"
0,"93341340190080","7565","9523",1,"MF11","AC1","BRG.","00379",20240509,1000,30,30,,"D"
0,"6KA45571000080","93C4","9523",1,"MF16","AC1","GEAR,2","00804",20240509,1000,76,76,,"D"
0,"6KA45561000080","93C4","9523",1,"MF16","AC1","GEAR,1","00804",20240509,1000,76,76,,"D"
0,"6KA45631000080","93C7","9523",1,"MF16","AC1","CLUTCH,DOG","00747",20240509,1000,4,4,,"D"
0,"6KA4555100A080","93C4","9523",1,"MF16","AC1","PINION(æ≤√›)","00804",20240509,1000,76,76,,"D"
0,"6ML45631000080","93C7","9523",1,"MF16","AC1","CLUTCH,DOG","00099",20240509,1000,92,92,,"D"
0,"6GR45571000080","93C4","9523",1,"MF16","AC1","GEAR,2","00997",20240509,1000,9,9,,"D"
0,"6GR45631000080","93C7","9523",1,"MF16","AC1","CLUTCH,DOG","00291",20240509,1000,11,11,,"D"
0,"6GR45611000080","93B4","9523",1,"MF16","AC1","SHAFT,PROPELLER","00997",20240509,1000,9,9,,"D"
0,"6GR45561000080","93C4","9523",1,"MF16","AC1","GEAR,1","00997",20240509,1000,9,9,,"D"
0,"6GR4555100A080","93C4","9523",1,"MF16","AC1","PINION","00997",20240509,1000,9,9,,"D"
0,"6GR4551100YX80","93B4","9523",1,"MF16","AC1","SHAFT,DRIVE 1","00235",20240509,1000,5,5,,"D"
0,"6GR4551110YX80","93B4","9523",1,"MF16","AC1","SHAFT, DRIVE 1","00011",20240509,1000,6,6,,"D"
0,"6JD4555100A080","93C4","9523",1,"MF16","AC1","PINION","00620",20240509,1000,18,18,,"D"
0,"6JD45561000080","93C4","9523",1,"MF16","AC1","GEAR,1","00620",20240509,1000,18,18,,"D"
0,"6AW4557100XX80","93C4","9523",1,"MF16","AC1","GEAR 2(13T)","00618",20240509,1000,18,18,,"D"
0,"6AW45631000080","1716","9523",1,"MF16","AC1","CLUTCH,DOG","00209",20240509,1000,40,40,,"D"
0,"6CB4555100YX80","93C4","9523",1,"MF16","AC1","PINION(60)","00066",20240509,1000,20,20,,"D"
0,"6CB4556100YX80","93C4","9523",1,"MF16","AC1","GEAR,1(40)","00066",20240509,1000,20,20,,"D"
0,"6CB4557100YX80","93C4","9523",1,"MF16","AC1","GEAR 2(13T)","00066",20240509,1000,20,20,,"D"
0,"6CE4556100YX80","93C4","9523",1,"MF16","AC1","GEAR,1(40)","00071",20240509,1000,21,21,,"D"
0,"6CE4557100YX80","93C4","9523",1,"MF16","AC1","GEAR 2(13T)","00071",20240509,1000,21,21,,"D"
0,"6CE4555100A080","93C4","9523",1,"MF16","AC1","PINION","00071",20240509,1000,21,21,,"D"
0,"6CB45631000080","93C7","9523",1,"MF16","AC1","CLUTCH,DOG","00609",20240509,1000,200,200,,"D"
0,"6KA42723008D80","4151","9525",1,"MF14","AE2","COVER,BOTTOM","00792",20240509,1000,23,23,,"D"
0,"6KA4272300CE80","4151","9525",1,"MF14","AE2","COVER,BOTTOM","00785",20240509,1000,77,77,,"D"
0,"6KA44555000080","0616","9525",1,"MF14","AE2","MOUNT,RUBBER LOWER SIDE","00795",20240509,1000,200,200,,"D"
0,"6KA44120000080","8775","9525",1,"MF14","AE2","GEAR SHIFT HANDLE ASSY.","00779",20240509,1000,100,100,,"D"
0,"6KA44190000080","8775","9525",1,"MF14","AE2","JT. SHIFT R0D COMP.","00254",20240509,1000,60,60,,"D"
0,"6KA14750000080","944J","9525",1,"MF14","AE2","SILENCER ASSY.","00789",20240509,1000,88,88,,"D"
0,"6KA82553000080","7922","9525",1,"MF14",,"WIRE,LEAD EXTENSION","00794",20240509,1000,88,88,,"D"
0,"6GR44311000080","6451","9525",1,"MF14",,"HSG.,WATER PUMP","00292",20240509,1000,20,20,,"D"
0,"6GR44322000080","8606","9525",1,"MF14",,"INSERT, CARTRIDGE","00292",20240509,1000,20,20,,"D"
0,"93390000330080","4553","9525",1,"MF14",,"BRG.","00758",20240509,1100,20,20,,"D"
0,"93332000B20080","4553","9525",1,"MF14",,"BRG.","00758",20240509,1100,20,20,,"D"
0,"6GR45576000080","1826","9525",1,"MF14",,"WASHER,THRUST 2","00758",20240509,1000,20,20,,"D"
0,"6GS45332000080","7536","9525",1,"MF14",,"HSG.,BEARING 2","00758",20240509,1000,20,20,,"D"
0,"6GR44514000080","0616","9525",1,"MF14",,"MOUNT,RUBBER UPPER SIDE 1","00289",20240509,1000,10,10,,"D"
0,"90105160040080","4921","9525",1,"MF14",,"BOLT,FLG.","00194",20240509,1000,25,25,,"D"
0,"6GR44515000080","0616","9525",1,"MF14",,"MOUNT,RUBBER UPPER SIDE 2","00289",20240509,1000,10,10,,"D"
0,"6GR44176000080","2720","9525",1,"MF14",,"BRKT.","00292",20240509,1000,10,10,,"D"
0,"6GR43679008D80","3525","9525",1,"MF14",,"COVER","00978",20240509,1100,28,28,,"D"
0,"6DA42697000080","3605","9525",1,"MF14",,"EMBLEM,TUNING FORK 1","00277",20240509,1000,238,238,,"D"
0,"6GR4367900CE80","3525","9525",1,"MF14",,"COVER","00141",20240509,1100,150,150,,"D"
0,"6KF82553000080","7922","9525",1,"MF14",,"WIRE,LEAD EXTENSION","00760",20240509,1000,12,12,,"D"
0,"6EK44118000080","944K","9525",1,"MF14","AE2","BRKT.,2","00208",20240509,1000,150,150,,"D"
0,"6JD44322000080","0236","9525",1,"MF14",,"INSERT, CARTRIDGE","00286",20240509,1000,72,72,,"D"
0,"6CF4533201CA80","7536","9525",1,"MF14","AE2","HOUSING,BEARING 2","00975",20240509,1000,32,32,,"D"
0,"63P44555000080","0616","9525",1,"MF14","AE2","MOUNT RUBBER,LOWER SIDE","00232",20240509,1000,292,292,,"D"
0,"60V44555000080","0616","9525",1,"MF14","AE2","MOUNT RUBBER,LOWER SIDE","00721",20240509,1000,8,8,,"D"
0,"6DA44514000080","0616","9525",1,"MF14","AE2","MOUNT,RUBBER UPPER SIDE 1","00216",20240509,1000,80,80,,"D"
0,"90101140040080","4921","9525",1,"MF14","AE2","BOLT,HEX.","00168",20240509,1000,280,280,,"D"
0,"90101140030080","4921","9525",1,"MF14","AE2","BOLT,HEX.","00128",20240509,1000,50,50,,"D"
0,"69J44514000080","0616","9525",1,"MF14","AE2","MOUNT,RUBBER,UPPER SIDE 1","00150",20240509,1000,80,80,,"D"
0,"90101140020080","4921","9525",1,"MF14","AE2","BOLT,HEX.","00139",20240509,1000,80,80,,"D"
0,"60X44555000080","0616","9525",1,"MF14","AE2","MOUNT RUBBER,LOWER SIDE","00958",20240509,1000,80,80,,"D"
0,"6CE44514000080","0616","9525",1,"MF14","AE2","MOUNT,RUBBER UPPER SIDE 1","00154",20240509,1000,280,280,,"D"
0,"6CE44575000080","0616","9525",1,"MF14","AE2","DAMPER,LOWER MOUNT RUBBER 1","00118",20240509,1000,160,160,,"D"
0,"6CE44555000080","0616","9525",1,"MF14","AE2","MOUNT,RUBBER LOWER SIDE","00118",20240509,1000,80,80,,"D"
0,"6EK44514000080","0616","9525",1,"MF14","AE2","MOUNT,RUBBER UPPER SIDE 1","00124",20240509,1000,70,70,,"D"
0,"6AW44555000080","0616","9525",1,"MF14","AE2","MOUNT,RUBBER LOWER SIDE","00814",20240509,1000,20,20,,"D"
0,"6CB14750A00080","944J","9525",1,"MF14","AE2","SILENCER ASSY.","00144",20240509,1000,54,54,,"D"
0,"63P8366G000080","3533","9525",1,"MF14","AE","BRKT. 3","00404",20240509,1000,25,25,,"D"
0,"6LH42815008D80","3525","9525",1,"MF14","AE2","LEVER,CLAMP 1","00348",20240509,1500,1,1,,"D"
0,"6LH42723008D80","4151","9525",1,"MF14","AE2","COVER,BOTTOM","00355",20240509,1000,1,1,,"D"
0,"6LH61501000080","7238","9525",1,"MF14",,"STEERING CYLINDER ASSY.","00325",20240509,1000,13,13,,"D"
0,"6LH43676008D80","1826","9525",1,"MF14","AE2","HOOK","00325",20240509,1000,13,13,,"D"
0,"6LH45821000080","2720","9525",1,"MF14","AE2","STAY,1","00325",20240509,1000,13,13,,"D"
0,"6LH42817008D80","3525","9525",1,"MF14","AE2","LEVER,CLAMP 3","00355",20240509,1500,1,1,,"D"
0,"6LH42816008D80","3525","9525",1,"MF14","AE2","LEVER,CLAMP 2","00355",20240509,1500,1,1,,"D"
0,"6LH4272300CE80","4151","9525",1,"MF14","AE2","COVER,BOTTOM","00314",20240509,1000,7,7,,"D"
0,"61A45332029480","3525","9525",1,"MF14","AE2","HOUSING,BEARING 2","00264",20240509,1500,10,10,,"D"
0,"6LH4338100CE80","3525","9525",1,"MF14","AE2","COVER,2","00305",20240509,1100,1,1,,"D"
0,"6LH4338200CE80","3525","9525",1,"MF14","AE2","COVER,3","00305",20240509,1100,1,1,,"D"
0,"6LH43341000080","2720","9525",1,"MF14","AE2","COVER,SWIVEL SIDE 1","00356",20240509,1000,20,20,,"D"
0,"6LH82553000080","7922","9525",1,"MF14",,"WIRE,LEAD EXTENSION","00356",20240509,1000,20,20,,"D"
0,"6LH48133000080","4245","9525",1,"MF14","AE2","PLATE,LINK","00325",20240509,1000,13,13,,"D"
0,"6LH4281700CE80","3525","9525",1,"MF14","AE2","LEVER,CLAMP 3","00316",20240509,1100,7,7,,"D"
0,"6LH4281600CE80","3525","9525",1,"MF14","AE2","LEVER,CLAMP 2","00316",20240509,1100,7,7,,"D"
0,"6LP43676008D80","1826","9525",1,"MF14","AE2","HOOK","00352",20240509,1000,7,7,,"D"
0,"6LP48133000080","4245","9525",1,"MF14","AE2","PLATE,LINK","00352",20240509,1000,7,7,,"D"
0,"6LP43381008D80","3525","9525",1,"MF14","AE2","COVER,2","00352",20240509,1100,1,1,,"D"
0,"6LP43382008D80","3525","9525",1,"MF14","AE2","COVER,3","00352",20240509,1100,1,1,,"D"
0,"6LP4338100CE80","3525","9525",1,"MF14","AE2","COVER,2","00071",20240509,1100,6,6,,"D"
0,"6LP4338200CE80","3525","9525",1,"MF14","AE2","COVER,3","00064",20240509,1100,6,6,,"D"
0,"6LH4281500CE80","3525","9525",1,"MF14","AE2","LEVER,CLAMP 1","00313",20240509,1100,7,7,,"D"
0,"6LH4851100CE80","1826","9525",1,"MF14","AE2","HOOK,STEERING","00305",20240509,1000,1,1,,"D"
0,"6CE44176009480","3525","9525",2,"MF14","AE2","BRKT.","00062",20240509,1500,139,139,,"D"
0,"6E544118019480","3525","9525",2,"MF14","AE2","BRKT.2","00242",20240509,1500,20,20,,"D"
0,"6DV44120030080","8775","9525",1,"MF14","AE2","GEAR SHIFT HANDLE ASSY.","00350",20240509,1000,25,25,,"D"
0,"6J944514000080","0616","9525",1,"MF14","AE2","MOUNT,RUBBER,UPPER SIDE 1","00746",20240509,1000,40,40,,"D"
0,"6J944555000080","0616","9525",1,"MF14","AE2","MOUNT RUBBER,LOWER SIDE","00746",20240509,1000,40,40,,"D"
0,"6CF45576000080","3567","9525",1,"MF14","AE2","WASHER,THRUST 2","00554",20240509,1000,50,50,,"D"
0,"6CE44311010080","6451","9525",1,"MF14","AE2","HSG.,WATER PUMP","00495",20240509,1000,144,144,,"D"
0,"6LP61501000080","7238","9525",1,"MF14",,"STEERING CYLINDER ASSY.","00348",20240509,1000,7,7,,"D"
0,"6AW44311010080","6451","9525",1,"MF14","AE2","HSG.,WATER PUMP","00963",20240509,1000,12,12,,"D"
0,"6C544120030080","8775","9525",1,"MF14","AE2","GEAR SHIFT HANDLE ASSY.","00980",20240509,1000,50,50,,"D"
0,"6C544120130080","8775","9525",1,"MF14","AE2","GEAR SHIFT HANDLE ASSY.","00229",20240509,1000,5,5,,"D"
0,"6JD44120010080","8775","9525",1,"MF14","AE2","GEAR SHIFT HANDLE ASSY.","00835",20240509,1000,60,60,,"D"
0,"6GR44120010080","8775","9525",1,"MF14","AE2","GEAR SHIFT HANDLE ASSY.","00902",20240509,1000,10,10,,"D"
0,"6EK44120110080","8775","9525",1,"MF14","AE2","GEAR SHIFT HANDLE ASSY.","00864",20240509,1000,50,50,,"D"
0,"6E544120050080","8775","9525",1,"MF14","AE2","GEAR SHIFT HANDLE ASSY.","00281",20240509,1000,9,9,,"D"
0,"6E544120250080","8775","9525",1,"MF14","AE2","GEAR SHIFT HANDLE ASSY.","00445",20240509,1000,25,25,,"D"
0,"6DA44120120080","8775","9525",1,"MF14","AE2","GEAR SHIFT HANDLE ASSY.","00983",20240509,1000,20,20,,"D"
0,"69J44120020080","8775","9525",1,"MF14","AE2","GEAR SHIFT HANDLE ASSY.","00626",20240509,1000,40,40,,"D"
0,"6EK44120010080","8775","9525",1,"MF14","AE2","GEAR SHIFT HANDLE ASSY.","00958",20240509,1000,50,50,,"D"
0,"6LH4851100CJ80","1826","9525",1,"MF14","AE2","HOOK,STEERING","00027",20240509,1100,12,12,,"D"
0,"6LH4281600CJ80","3525","9525",1,"MF14","AE2","LEVER,CLAMP 2","00028",20240509,1100,12,12,,"D"
0,"6LH4281700CJ80","3525","9525",1,"MF14","AE2","LEVER,CLAMP 3","00028",20240509,1100,12,12,,"D"
0,"6LH4281500CJ80","3525","9525",1,"MF14","AE2","LEVER,CLAMP 1","00028",20240509,1100,12,12,,"D"
0,"6LH4338100CJ80","3525","9525",1,"MF14","AE2","COVER,2","00027",20240509,1100,12,12,,"D"
0,"6LH4338200CJ80","3525","9525",1,"MF14","AE2","COVER,3","00027",20240509,1100,12,12,,"D"
0,"6LH4272300CJ80","4151","9525",1,"MF14","AE2","COVER,BOTTOM","00027",20240509,1000,12,12,,"D"
0,"6GR4367900CJ80","3525","9525",1,"MF14",,"COVER","00089",20240509,1100,20,20,,"D"
0,"6AW44322000080","0139","9525",1,"MF14","AE2","INSERT, CARTRIDGE","00639",20240509,1000,72,72,,"D"
0,"93315425V30080","2662","9525",1,"MF14","AE2","BRG.","00941",20240509,1000,200,200,,"D"
0,"93332000480080","2662","9525",1,"MF14","AE2","BRG.","00286",20240509,1000,72,72,,"D"
0,"93315430640080","4553","9525",2,"MF14","AE2","BRG.","00841",20240509,1100,22,22,,"D"
0,"61A44311010080","6451","9525",1,"MF14","AE2","HOUSING, WATER PUMP","00806",20240509,1000,250,250,,"D"
0,"6R344322420080","0236","9525",1,"MF14","AE2","INSERT, CARTRIDGE","00193",20240509,1000,72,72,,"D"
0,"61A44322020080","0139","9525",1,"MF14","AE2","INSERT, CARTRIDGE","00692",20240509,1000,144,144,,"D"
0,"6AX45332000080","4818","9525",2,"MF14","AE2","HSG.,BEARING 2","00176",20240509,1000,11,11,,"D"
0,"6FP44514000080","4545","9525",1,"MF14",,"MOUNT,RUBBER UPPER SIDE 1","00717",20240509,1000,40,40,,"D"
0,"6E544150030080","3542","9525",1,"MF14",,"SHIFT CAM ASSY.","00630",20240509,1000,60,60,,"D"
0,"69W44514000080","0616","9525",1,"MF14",,"MOUNT,RUBBER,UPPER SIDE 1","00575",20240509,1000,30,30,,"D"
0,"6EK42815018D80","3525","9525",1,"MF14",,"LEVER,CLAMP 1","00634",20240509,1500,70,70,,"D"
0,"6EK42816018D80","3525","9525",1,"MF14",,"LEVER,CLAMP 2","00634",20240509,1500,70,70,,"D"
0,"6CJ44514000080","0616","9525",1,"MF14",,"MOUNT,RUBBER UPPER SIDE 1","00510",20240509,1000,20,20,,"D"
0,"6FP42815008D80","3525","9525",1,"MF14",,"LEVER,CLAMP 1","00593",20240509,1500,40,40,,"D"
0,"6FP42816008D80","3525","9525",1,"MF14",,"LEVER,CLAMP 2","00593",20240509,1500,40,40,,"D"
0,"6DA42816028D80","3525","9525",1,"MF14",,"LEVER,CLAMP 2","00611",20240509,1500,20,20,,"D"
0,"6DA42817028D80","3525","9525",1,"MF14",,"LEVER, CLAMP","00611",20240509,1500,20,20,,"D"
0,"63P42815118D80","3525","9525",1,"MF14",,"LEVER,CLAMP 1","00532",20240509,1500,20,20,,"D"
0,"6CE44118A00080","944K","9525",2,"MF14","AE2","BRKT.,2","00555",20240509,1000,139,139,,"D"
0,"6KA4555100B080","93C4","9525",1,"MF16","AE2","PINION(∑ﬁ¨∏√›)","00751",20240509,1000,12,12,,"D"
0,"6KB45561000080","93C4","9525",1,"MF16","AE2","GEAR,1","00751",20240509,1000,12,12,,"D"
0,"6KB45571000080","93C4","9525",1,"MF16","AE2","GEAR,2","00751",20240509,1000,12,12,,"D"
0,"6KB45611000080","93B4","9525",1,"MF16","AE2","SHAFT,PROPELLER","00751",20240509,1000,12,12,,"D"
0,"6GS45571000080","93C4","9525",1,"MF16","AE2","GEAR,2","00758",20240509,1000,20,20,,"D"
0,"6GS45561000080","93C4","9525",1,"MF16","AE2","GEAR,1","00758",20240509,1000,20,20,,"D"
0,"6GR4555100B080","93C4","9525",1,"MF16","AE2","PINION","00758",20240509,1000,20,20,,"D"
0,"6CF45611010080","93B4","9525",1,"MF16","AE2","SHAFT,PROPELLER","00396",20240509,1000,40,40,,"D"
0,"6AX45611010080","93B4","9525",1,"MF16","AE2","SHAFT,PROPELLER","00156",20240509,1000,5,5,,"D"
0,"6GS45611010080","93B4","9525",1,"MF16","AE2","SHAFT,PROPELLER","00660",20240509,1000,20,20,,"D"
0,"6JD4555100B080","93C4","9525",1,"MF16","AE2","PINION","00455",20240509,1000,20,20,,"D"
0,"6JE45561000080","93C4","9525",1,"MF16","AE2","GEAR,1","00455",20240509,1000,20,20,,"D"
0,"6JE45571000080","93C4","9525",1,"MF16","AE2","GEAR,2","00455",20240509,1000,20,20,,"D"
0,"6L545631000080","93C7","9525",1,"MF16","AE2","CLUTCH,DOG","00107",20240509,1000,200,200,,"D"
0,"63P4555100B080","93C4","9525",1,"MF16","AE2","PINION","00300",20240509,1000,11,11,,"D"
0,"6AX4556100YX80","93C4","9525",1,"MF16","AE2","GEAR 1","00475",20240509,1000,5,5,,"D"
0,"6AX4557100YX80","93C4","9525",1,"MF16","AE2","GEAR 2","00454",20240509,1000,5,5,,"D"
0,"6CF4556100YX80","93C4","9525",1,"MF16","AE2","GEAR 1","00180",20240509,1000,40,40,,"D"
0,"6CF4557100YX80","93C4","9525",1,"MF16","AE2","GEAR,2(40)","00171",20240509,1000,40,40,,"D"
0,"6G54555110B080","93C4","9525",1,"MF16","AE2","PINION","00437",20240509,1000,6,6,,"D"
0,"6G54556110YX80","93C4","9525",1,"MF16","AE2","GEAR 1(40/20)","00342",20240509,1000,100,100,,"D"
0,"6K14556101YX80","93C4","9525",1,"MF16","AE2","GEAR 1(20)","00463",20240509,1000,26,26,,"D"
0,"64P4556110YX80","93C4","9525",1,"MF16","AE2","GEAR 1","00955",20240509,1000,18,18,,"D"
0,"6AW4555100B080","93C4","9525",1,"MF16","AE2","PINION","00454",20240509,1000,5,5,,"D"
0,"6CE4555100B080","93C4","9525",1,"MF16","AE2","PINION","00171",20240509,1000,40,40,,"D"
0,"64P4557011YX80","93C4","9525",1,"MF16","AE2","GEAR ASSY.,2","00118",20240509,1000,11,11,,"D"
0,"6K14557021YX80","93C4","9525",1,"MF16","AE2","GEAR 2 ASSY","00043",20240509,1000,6,6,,"D"
0,"6FJ4556100YX80","93C4","9525",1,"MF16","AE2","GEAR 1","00115",20240509,1000,40,40,,"D"
0,"6FJ4555100A080","93C4","9525",1,"MF16","AE2","PINION","00116",20240509,1000,40,40,,"D"
0,"6FJ4557100YX80","93C4","9525",1,"MF16","AE2","GEAR 2(13T)","00116",20240509,1000,40,40,,"D"
0,"6ML15362000080","4545","9525",1,"MF18","AE2","PLUG,OIL LEVEL","00095",20240509,1000,50,50,,"D"
0,"6CB15377000080","2907","9525",1,"MF18","AE2","GUIDE","00658",20240509,1000,51,51,,"D"
0,"6CB15362000080","4545","9525",1,"MF18","AE2","PLUG,OIL LEVEL","00658",20240509,1000,51,51,,"D"
0,"6GR15377000080","2907","9525",1,"MF18","AE2","GUIDE","00653",20240509,1000,10,10,,"D"
0,"6GR15362000080","4545","9525",1,"MF18","AE2","PLUG,OIL LEVEL","00653",20240509,1000,10,10,,"D"
0,"6KA15377000080","2907","9525",1,"MF18","AE2","GUIDE","00656",20240509,1000,89,89,,"D"
0,"6KA15362000080","4545","9525",1,"MF18","AE2","PLUG,OIL LEVEL","00655",20240509,1000,39,39,,"D"
0,"6C54113100CA80","3525","9525",1,"MF19","AE2","MANIFOLD,EXT. 1","00682",20240509,1500,50,50,,"D"
0,"6CJ13411100080","6236","9525",1,"MF19","AE2","STRAINER,OIL","00682",20240509,1000,50,50,,"D"
0,"6S144361020080","8775","9525",1,"MF19","AE2","TUBE,WATER 1","00461",20240509,1000,40,40,,"D"
0,"69J41132209S80","9515","9525",1,"MF19","AE","MANIHOLD,HXH.2","00459",20240509,1000,48,48,,"D"
0,"69J82563010080","0121","9525",1,"MF19","AE2","TRIM & TILT SWITCH","00408",20240509,1100,175,175,,"D"
0,"69J42723010080","4915","9525",1,"MF19","AE2","COVER,BOTTOM","00408",20240509,1000,109,109,,"D"
0,"61A82563010080","0121","9525",1,"MF19","AE2","TRIM & TILT SWITCH","00300",20240509,1100,20,20,,"D"
0,"6BR82563010080","0121","9525",1,"MF19","AE2","TRIM & TILT SWITCH","00361",20240509,1100,36,36,,"D"
0,"6EK1246A009S80","9515","9525",1,"MF19","AE","COVER,1","00021",20240509,1000,110,110,,"D"
0,"6J94533200CA80","3525","9529",1,"MF10","AF1","HOUSING, BEARING","00488",20240509,1000,81,81,,"D"
0,"93341930200080","7565","9529",1,"MF12","AF1","BRG.","00258",20240509,1000,10,10,,"D"
0,"60V44150000080","3542","9529",1,"MF12","AF1","SHIFT CAM ASSY","00317",20240509,1100,10,10,,"D"
0,"93306210U00080","2662","9529",1,"MF12","AF1","BEARING","00180",20240509,1000,10,10,,"D"
0,"93341930V20080","7565","9529",1,"MF12","AF1","BEARING","00016",20240509,1000,123,123,,"D"
0,"61A45641020080","3542","9529",1,"MF12","AF1","SIFTER","00168",20240509,1000,10,10,,"D"
0,"93332000W10080","2662","9529",1,"MF12","AF1","BRG.","00171",20240509,1000,10,10,,"D"
0,"61AY453D020080","4818","9529",1,"MF12","AF1","HSG.BRG.ASSY.1","00420",20240509,1000,20,20,,"D"
0,"6EK45511000080","93B4","9529",1,"MF16","AF1","SHAFT,DRIVE 1","00199",20240509,1000,12,12,,"D"
0,"6EK45511100080","93B4","9529",1,"MF16","AF1","SHAFT,DRIVE 1","00090",20240509,1000,18,18,,"D"
0,"6G545511220080","93B4","9529",1,"MF16","AF1","SHAFT,DRIVE 1","00945",20240509,1000,20,20,,"D"
0,"66K45511000080","93B4","9529",1,"MF16","AF1","SHAFT, DRIVE 1","00108",20240509,1000,10,10,,"D"
0,"6DA4555100A080","93C4","9529",1,"MF16","AF1","PINION","00282",20240509,1000,26,26,,"D"
0,"6DA4556100YX80","93C4","9529",1,"MF16","AF1","GEAR 1","00282",20240509,1000,26,26,,"D"
0,"6DA4557100YX80","93C4","9529",1,"MF16","AF1","GEAR 2","00282",20240509,1000,26,26,,"D"
0,"6DA45511100080","93B4","9529",1,"MF16","AF1","SHAFT,DRIVE 1","00301",20240509,1000,27,27,,"D"
0,"6J945611010080","93B4","9529",1,"MF16","AF1","SHAFT, PROPELLER","00095",20240509,1000,80,80,,"D"
0,"61A4555103A080","93C4","9529",1,"MF16","AF1","PINION","00165",20240509,1000,10,10,,"D"
0,"61A4556003YX80","93C4","9529",1,"MF16","AF1","GEAR 1 ASSY","00163",20240509,1000,10,10,,"D"
0,"61A4557100YX80","93C4","9529",1,"MF16","AF1","GEAR 2(13T)","00246",20240509,1000,15,15,,"D"
0,"63P4555100A080","93C4","9529",1,"MF16","AF1","PINION","00053",20240509,1000,35,35,,"D"
0,"68V4556100YX80","93C4","9529",1,"MF16","AF1","GEAR 1(30/20)","00815",20240509,1000,20,20,,"D"
0,"6EM4555100YX80","93C4","9529",1,"MF16","AF1","PINION","00050",20240509,1000,19,19,,"D"
0,"6EM4556100YX80","93C4","9529",1,"MF16","AF1","GEAR 1","00050",20240509,1000,19,19,,"D"
0,"6G54556110YX80","93C4","9529",1,"MF16","AF1","GEAR 1(40/20)","00157",20240509,1000,20,20,,"D"
0,"6G54557102YX80","93C4","9529",1,"MF16","AF1","GEAR 2(13T)","00601",20240509,1000,59,59,,"D"
0,"6EH4556100YX80","93C4","9529",1,"MF16","AF1","GEAR 1","00053",20240509,1000,35,35,,"D"
0,"6EH4557100YX80","93C4","9529",1,"MF16","AF1","GEAR 2(13T)","00921",20240509,1000,40,40,,"D"
0,"61A45631030080","93C7","9529",1,"MF16","AF1","CLUTCH, DOCK","00170",20240509,1000,10,10,,"D"
0,"68V45631020080","93C7","9529",1,"MF16","AF1","CLUTCH,DOG","00420",20240509,1000,30,30,,"D"
0,"6EK43800040080","7238","9530",1,"MF10","AG4","POWER TILT&TRIM ASSY.","00492",20240509,1000,20,20,,"D"
0,"64E43800130080","7238","9530",1,"MF10","AG4","POWER TILT&TRIM ASSY.","00420",20240509,1000,20,20,,"D"
0,"6CB43800130080","7238","9530",1,"MF10","AG4","POWER TILT&TRIM ASSY.","00242",20240509,1000,19,19,,"D"
0,"63P43800230080","7238","9530",1,"MF10","AG4","POWER TILT&TRIM ASSY.","00485",20240509,1000,1,1,,"D"
0,"6LH81900000080","7238","9530",1,"MF10","AG4","MOTOR PUMP ASSY.","00322",20240509,1000,6,6,,"D"
0,"6LH43800010080","7238","9530",1,"MF10","AG4","POWER TILT&TRIM ASSY.","00008",20240509,1000,40,40,,"D"
0,"64EY431K000080","0806","9530",1,"MF11","AG4","BRACKET,CLAMP ASSY","00154",20240509,1000,50,50,,"D"
0,"6LH43333000080","4151","9530",1,"MF11","AG4","BUSH.,SWIVEL BRACKET","00351",20240509,1000,80,80,,"D"
0,"6LH43333100080","4151","9530",1,"MF11","AG4","BUSH.,SWIVEL BRACKET","00351",20240509,1000,80,80,,"D"
0,"6LH43342000080","2720","9530",1,"MF11","AG4","COVER,SWIVEL SIDE 2","00351",20240509,1000,40,40,,"D"
0,"6LP45851008D80","3525","9530",1,"MF11","AG1","FORK,STEERING","00138",20240509,1500,1,1,,"D"
0,"6LH43627000080","7238","9530",1,"MF11","AG4","STOPPER,1","00347",20240509,1000,39,39,,"D"
0,"6LP4382A000080","7238","9530",1,"MF11","AG4","ADAPTER,1","00347",20240509,1000,33,33,,"D"
0,"6R385537000080","1932","9530",1,"MF11","AG3","COVER,2","00042",20240509,1100,50,50,,"D"
0,"67F4533100CA80","3525","9540",1,"MF10","AF2","HOUSING, BEARING 1","00068",20240509,1000,30,30,,"D"
0,"6E54533200CA80","4818","9540",1,"MF10",,"HOUSING,BEARING 2","00752",20240509,1000,60,60,,"D"
0,"93341930V20080","7565","9540",1,"MF13","AF2","BEARING","00752",20240509,1000,60,60,,"D"
0,"64J45511300080","93B4","9540",1,"MF16","AF2","SHAFT, DRIVE 1","00487",20240509,1000,30,30,,"D"
0,"69W45511000080","93B4","9540",1,"MF16","AF2","SHAFT, DRIVE 1","00460",20240509,1000,30,30,,"D"
0,"6EK45511000080","93B4","9540",1,"MF16","AF2","SHAFT,DRIVE 1","00485",20240509,1000,36,36,,"D"
0,"6EK45511100080","93B4","9540",1,"MF16","AF2","SHAFT,DRIVE 1","00265",20240509,1000,24,24,,"D"
0,"6EM4555100YX80","93C4","9540",1,"MF16","AF2","PINION","00877",20240509,1000,20,20,,"D"
0,"6EM4556100YX80","93C4","9540",1,"MF16","AF2","GEAR 1","00877",20240509,1000,20,20,,"D"
0,"67F45611010080","93B4","9540",1,"MF16","AF2","SHAFT, PROPELLER","00765",20240509,1000,80,80,,"D"
0,"62Y45631000080","93C7","9540",1,"MF16","AF2","CLUTCH, DOCK","00058",20240509,1000,30,30,,"D"
0,"6D845631000080","93C7","9540",1,"MF16","AF2","CLUTCH,DOG","00126",20240509,1000,30,30,,"D"
0,"68S4557100YX80","93C4","9540",1,"MF16","AF2","GEAR 2(13T)","00944",20240509,1000,30,30,,"D"
0,"69W4555100YY80","93C4","9540",1,"MF16","AF2","PINION","00233",20240509,1000,100,100,,"D"
0,"6CJ4556100YX80","93C4","9540",1,"MF16","AF2","GEAR,1(30)","00879",20240509,1000,20,20,,"D"
0,"68V45631020080","93C7","9540",1,"MF16","AF2","CLUTCH,DOG","00468",20240509,1000,60,60,,"D"
0,"68V4555100A080","93C4","9540",1,"MF16","AF2","PINION","00481",20240509,1000,60,60,,"D"
0,"68V4556100YX80","93C4","9540",1,"MF16","AF2","GEAR 1(30/20)","00704",20240509,1000,40,40,,"D"
0,"6E545611010080","93B4","9540",1,"MF16","AF2","SHAFT, PROPELLER","00511",20240509,1000,80,80,,"D"
0,"68V4557100YX80","93C4","9540",1,"MF16","AF2","GEAR 2(13T)","00705",20240509,1000,60,60,,"D"
0,"6C543800130080","7238","9542",1,"MF10","AJ4","POWER TILT&TRIM ASSY.","00576",20240509,1000,25,25,,"D"
0,"6CJ43800130080","7238","9542",1,"MF10","AJ4","POWER TILT&TRIM ASSY.","00532",20240509,1000,60,60,,"D"
0,"6EK43800040080","7238","9542",1,"MF10","AJ4","POWER TILT&TRIM ASSY.","00558",20240509,1000,20,20,,"D"
0,"6CYY126E110080","8806","9542",1,"MF11","AJ1","SILENCER ASSY.","00164",20240509,1000,32,32,,"D"
0,"6C5Y126E110080","8806","9542",1,"MF11","AJ1","SILENCER ASSY.","00780",20240509,1000,57,57,,"D"
0,"69W44555000080","0616","9542",1,"MF11","AJ3","MOUNT RUBBER,LOWER SIDE","00258",20240509,1000,180,180,,"D"
0,"90111061430080","1604","9543",1,"MF15","A0A","BOLT,HEX. SOCKET BUTTON","00384",20240509,1500,3000,3000,,"D"
0,"6P242725020080","6463","9543",1,"MF15","A0A","GROMMET,2","00534",20240509,1500,30,30,,"D"
0,"6ML81942000080","7167","9543",1,"MF15","A0A","COVER","00094",20240509,1500,50,50,,"D"
0,"6GR42615000080","4941","9543",1,"MF15",,"SEAL","00287",20240509,1500,10,10,,"D"
0,"6GRY111U010080","7167","9543",1,"MF15","A0A","COVER,CYL HEAD SIDE 1 SUB ASSY","00800",20240509,1500,10,10,,"D"
0,"6GRY111V010080","7167","9543",1,"MF15","A0A","COVER,CYL HEAD SIDE 2 SUB ASSY","00800",20240509,1500,10,10,,"D"
0,"6A082317010080","6463","9543",2,"MF15","A0A","DAMPER,IGNITION COIL","00476",20240509,1500,50,50,,"D"
0,"6KW82314000080","7167","9543",1,"MF15","A0A","COVER,IGNITION COIL","00686",20240509,1500,20,20,,"D"
0,"6MLY245U000080","3637","9543",1,"MF15","A0A","BRKT.,FILTER ASSY","00086",20240509,1500,48,48,,"D"
0,"6X948205210080","2252","9543",1,"MF15","A0A","REMOCON. CONTROL ASSY.","00044",20240509,1500,1,1,,"D"
0,"95D95060140080","3873","9543",1,"MF15",,"BOLT,FLG. DEEP RECESS","00982",20240509,1500,500,500,,"D"
0,"95D95060120080","3873","9543",1,"MF15",,"BOLT,FLG. DEEP RECESS","00238",20240509,1500,400,400,,"D"
0,"95D95060250080","3873","9543",1,"MF15",,"BOLT,FLG. DEEP RECESS","00572",20240509,1500,400,400,,"D"
0,"6GR42725020080","8891","9543",1,"MF15","A0A","GROMMET,2","00563",20240509,1500,10,10,,"D"
0,"6DA42725030080","8891","9543",1,"MF15","A0A","GROMMET,2","00573",20240509,1500,32,32,,"D"
0,"6P282314210080","7167","9543",1,"MF15","A0A","COVER,IGNITION COIL","00424",20240509,1500,30,30,,"D"
0,"6CB24596010080","3637","9543",1,"MF15","A0A","COVER","00694",20240509,1500,120,120,,"D"
0,"90480160250080","1129","9543",2,"MF15","A0A","GROMMET","00224",20240509,1500,1,1,,"D"
0,"6X348206110080","4813","9543",1,"MF15","A0A","REMOCON. ASSY.","00065",20240509,1000,1,1,,"D"
0,"90387062850080","3637","9543",2,"MF15","A0A","COLLAR","00585",20240509,1500,200,200,,"D"
0,"9010906MA10080","3873","9543",1,"MF15","A0A","BOLT","00550",20240509,1500,400,400,,"D"
0,"6CB82314000080","8789","9543",1,"MF15","A0A","COVER,IGNITION COIL","00020",20240509,1500,130,130,,"D"
0,"90480110120080","8891","9543",1,"MF15","A0A","GROMMET","00684",20240509,1500,160,160,,"D"
0,"6CB42791000080","2867","9543",1,"MF15","A0A","MARK,1","00531",20240509,1500,40,40,,"D"
0,"6CB42792000080","2867","9543",1,"MF15","A0A","MARK,2","00531",20240509,1500,40,40,,"D"
0,"9010906M820080","7998","9543",1,"MF15","A0A","BOLT","00727",20240509,1500,1380,1380,,"D"
0,"9048014M170080","6463","9543",1,"MF15","A0A","GROMMET","00942",20240509,1500,1000,1000,,"D"
0,"9011906M920080","3873","9543",1,"MF15","A0A","BOLT HEXAGON HEAD W/WASHE","00876",20240509,1500,600,600,,"D"
0,"6CE81337010080","8789","9543",1,"MF15","A0A","COVER,FLYWHEEL","00943",20240509,1500,88,88,,"D"
0,"6CB81337110080","8789","9543",1,"MF15","A0A","COVER,FLYWHEEL","00257",20240509,1500,12,12,,"D"
0,"70148320700080","4813","9543",1,"MF15","A0A","20FT CABLE,REMOCON","00210",20240509,1000,2,2,,"D"
0,"70448205R20080","4813","9543",1,"MF15","A0A","REMOCON. CONTROL ASSY.","00021",20240509,1000,24,24,,"D"
0,"70448207R20080","4813","9543",1,"MF15","A0A","REMOCON. ASSY.","00030",20240509,1000,5,5,,"D"
0,"6CE45970200080","943X","9543",1,"MF20","A0A","PROP. ASSY.,20","00388",20240509,1000,2,2,,"D"
0,"6CE45978200080","943X","9543",1,"MF20","A0A","PROP. ASSY.,24","00149",20240509,1000,4,4,,"D"
0,"68F45972200080","943X","9543",1,"MF20","A0A","PROP. ASSY.,21","00096",20240509,1000,1,1,,"D"
0,"61B459740000MS","1227","9543",1,"MF20","A0A","19 SUS PROP.ASSY(L)","00664",20240509,1100,1,1,,"D"
0,"6G5459780300MS","1227","9543",1,"MF20","A0A","17 SUS PROP.ASSY","00024",20240509,1100,24,24,,"D"
0,"6K1459780200MS","1227","9543",1,"MF20","A0A","17 SUS PROP.ASSY(L)","00484",20240509,1100,4,4,,"D"
0,"70348207250080","4813","9546",1,"MF15","A0B","REMOCON. ASSY.","00110",20240509,1000,19,19,,"D"
0,"70348205250080","4813","9546",1,"MF15","A0B","REMOCON. CONTROL ASSY.","00220",20240509,1000,6,6,,"D"
0,"6N942791410080","2867","9546",1,"MF15","A0B","MARK,1","00147",20240509,1500,31,31,,"D"
0,"6N942792410080","2867","9546",1,"MF15","A0B","MARK,2","00147",20240509,1500,31,31,,"D"
0,"6DA45155010080","8891","9546",1,"MF15","A0B","CAP","00621",20240509,1500,28,28,,"D"
0,"6CE42725040080","6463","9546",1,"MF15","A0B","GROMMET,2","00035",20240509,1500,4,4,,"D"
0,"6LH42725010080","6463","9546",1,"MF15","A0B","GROMMET,2","00152",20240509,1500,48,48,,"D"
0,"70148350500080","4813","9546",1,"MF15","A0B","26FT CABLE,REMOCON","00183",20240509,1000,32,32,,"D"
0,"90480160250080","1129","9546",2,"MF15",,"GROMMET","00272",20240509,1500,40,40,,"D"
0,"90173060010080","3533","9546",1,"MF15",,"NUT,SQUARE","00190",20240509,1500,14,14,,"D"
0,"90480160090080","8891","9546",1,"MF15","A0B","GROMMET","00305",20240509,1500,14,14,,"D"
0,"6X948205210080","2252","9546",1,"MF15","A0B","REMOCON. CONTROL ASSY.","00019",20240509,1500,1,1,,"D"
0,"6CB42761000080","3637","9546",1,"MF15","A0B","STOPPER,1","00081",20240509,1500,100,100,,"D"
0,"63P11192010080","8806","9546",1,"MF15",,"COVER,CYLINDER HEAD 2","00656",20240509,1500,20,20,,"D"
0,"6EK81942100080","944J","9546",1,"MF15",,"COVER","00178",20240509,1500,30,30,,"D"
0,"6DA42725030080","8891","9546",1,"MF15","A0B","GROMMET,2","00564",20240509,1500,46,46,,"D"
0,"6EK42725100080","8891","9546",1,"MF15","A0B","GROMMET,2","00499",20240509,1500,30,30,,"D"
0,"6EK11192010080","6451","9546",1,"MF15","A0B","COVER,CYLINDER HEAD 2","00563",20240509,1100,30,30,,"D"
0,"6X348206110080","4813","9546",1,"MF15","A0B","REMOCON. ASSY.","00075",20240509,1000,4,4,,"D"
0,"95380066000080","0806","9546",1,"MF15","A0B","NUT,","00560",20240509,1500,2000,2000,,"D"
0,"70148320800080","4813","9546",1,"MF15","A0B","17FT CABLE,REMOCON","00144",20240509,1000,8,8,,"D"
0,"70448207R20080","4813","9546",1,"MF15","A0B","REMOCON. ASSY.","00058",20240509,1000,1,1,,"D"
0,"68F45972200080","943X","9546",1,"MF21","A0B","PROP. ASSY.,21","00199",20240509,1000,4,4,,"D"
0,"68G45972200080","943X","9546",1,"MF21","A0B","PROP. ASSY.,21","00124",20240509,1000,1,1,,"D"
0,"6G5459780300MS","1227","9546",1,"MF21","A0B","17 SUS PROP.ASSY","00020",20240509,1100,22,22,,"D"
0,"6GR14711010080","7536","9550",1,"MF10","AD2","MUFF.,1","00543",20240509,1100,10,10,,"D"
0,"69J14711009S80","9515","9550",1,"MF10","AD2","MUFFLER 1","00679",20240509,1500,30,30,,"D"
0,"6GR1246A000080","2720","9550",1,"MF11","AD2","COVER,1","00942",20240509,1000,10,10,,"D"
0,"6GR1531C010080","5350","9550",1,"MF11","AD2","GASKET,OIL PAN 2","00115",20240509,1000,10,10,,"D"
0,"6KW43800010080","7238","9552",1,"MF10","AD4","POWER TILT&TRIM ASSY.","00309",20240509,1000,20,20,,"D"
0,"6KN43800000080","7238","9552",1,"MF10","AD4","POWER TILT&TRIM ASSY.","00276",20240509,1000,10,10,,"D"
0,"6GR42401230080","946X","9552",1,"MF10","AD4","POWER STRG. CYL. ASSY.","00302",20240509,1400,10,10,,"D"
0,"6GR42134000080","2720","9552",1,"MF11","AD4","COVER","00853",20240509,1000,99,99,,"D"
0,"6E5Y431K000080","0806","9552",1,"MF11","AD4","BRACKET,CLAMP ASSY","00771",20240509,1000,50,50,,"D"
0,"6E51471101CA80","3525","9553",1,"MF10","AG2","MUFF.1","00611",20240509,1100,20,20,,"D"
0,"6E542716110080","2209","9553",1,"MF11","AG2","RUB.,SEAL 1","00273",20240509,1000,50,50,,"D"
0,"6C51471100CA80","3525","9556",1,"MF10","AJ2","MUFF.1","00091",20240509,1100,30,30,,"D"
0,"6FP1471100CA80","6298","9556",1,"MF10","AJ2","MUFFLER 1","00036",20240509,1000,10,10,,"D"
0,"70348205250080","4813","9567",1,"MF15","A0C","REMOCON. CONTROL ASSY.","00180",20240509,1000,7,7,,"D"
0,"70348205B50080","4813","9567",1,"MF15","A0C","REMOCON. CONTROL ASSY.","00095",20240509,1000,2,2,,"D"
0,"6EE81994500080","945T","9567",2,"MF15",,"LABEL,SAFETY","00227",20240509,1500,80,80,,"D"
0,"6EK42725100080","8891","9567",1,"MF15",,"GROMMET,2","00693",20240509,1500,20,20,,"D"
0,"6EK81942100080","944J","9567",1,"MF15",,"COVER","00062",20240509,1500,20,20,,"D"
0,"97E95065200080","7998","9567",1,"MF15",,"BOLT,HEX. HEAD W/W DEEP RECESS","00146",20240509,1500,120,120,,"D"
0,"6CJ11192000080","4151","9567",1,"MF15","A0C","COVER,CYLINDER HEAD 2","00318",20240509,1500,30,30,,"D"
0,"6EK11192010080","6451","9567",1,"MF15","A0C","COVER,CYLINDER HEAD 2","00620",20240509,1100,20,20,,"D"
0,"70148320500080","4813","9567",1,"MF15","A0C","15FT CABLE,REMOCON","00910",20240509,1000,2,2,,"D"
0,"70148320400080","4813","9567",1,"MF15","A0C","19FT CABLE,REMOCON","00535",20240509,1000,10,10,,"D"
0,"6YJ24201210080","8806","9567",1,"MF22","A0C","FUEL TANK COMP.","00369",20240509,1500,60,60,,"D"
0,"6P241134000080","1708","9821",3,"MF15","A0P","GASKET,EXHAUST MANIFOLD 2","00391",20240509,1500,16,16,,"D"
0,"69J45123000080","8891","9821",3,"MF15","A0P","GASKET,MUFFLER","00713",20240509,1500,8,8,,"D"
0,"69J41138000080","8891","9821",3,"MF15","A0P","SEAL EXHAUST 1","00391",20240509,1500,16,16,,"D"
0,"9043014M090080","1708","9821",3,"MF15","A0P","GASKET","00417",20240509,1500,8,8,,"D"
0,"6P213646000080","3544","9821",3,"MF15","A0P","GSKT.,INT. MANIFOLD 2","00398",20240509,1100,8,8,,"D"
0,"6P213645000080","3544","9821",3,"MF15","A0P","GSKT.,INT. MANIFOLD 1","00398",20240509,1100,48,48,,"D"
0,"6P213647000080","3544","9821",3,"MF15","A0P","GSKT.,INT. MANIFOLD 3","00398",20240509,1100,8,8,,"D"
0,"69J45127010080","6463","9821",3,"MF15","A0P","SEAL,RUBBER 1","00120",20240509,1500,8,8,,"D"
0,"6GR45375010080","8891","9821",3,"MF15","A0P","RUB.,SEAL 2","00691",20240509,1500,6,6,,"D"
0,"90116100670080","2654","9821",3,"MF15",,"BOLT,STUD","00042",20240509,1500,180,180,,"D"
0,"6AW44366010080","6463","9821",3,"MF15","A0P","RUB.,WATER SEAL 2","00700",20240509,1500,22,22,,"D"
0,"6KA2819K100080","2819","9821",3,"MF15","A0P","MANUAL,SET UP","00696",20240509,1500,11,11,,"D"
0,"69J13411010080","8806","9821",3,"MF15","A0P","STRAINER,OIL","00118",20240509,1500,8,8,,"D"
0,"90110100530080","945J","9821",3,"MF15","A0P","BOLT,HEX. SOCKET","00540",20240509,1500,7,7,,"D"
0,"90110100540080","945J","9821",3,"MF15","A0P","BOLT,HEX. SOCKET","00429",20240509,1500,6,6,,"D"
0,"9020119M010080","3533","9821",3,"MF15","A0P","WASHER,PLAIN","00612",20240509,1500,13,13,,"D"
0,"91490400300080","7969","9821",3,"MF15","A0P","PIN,SPLIT","00959",20240509,1500,56,56,,"D"
0,"9017118M040080","0806","9821",3,"MF15","A0P","NUT,CASTLE","00959",20240509,1500,56,56,,"D"
0,"90105102570080","3873","9821",3,"MF15","A0P","BOLT,FLG.","00612",20240509,1500,13,13,,"D"
0,"92990103000080","0806","9821",3,"MF15","A0P","WASHER,INTL. TOOTHED","00612",20240509,1500,13,13,,"D"
0,"6AW45373000080","941E","9821",3,"MF15","A0P","ANODE,1","00612",20240509,1500,13,13,,"D"
0,"90119100090080","2654","9821",3,"MF15","A0P","BOLT HEXAGON HEAD W/WASHE","00655",20240509,1500,28,28,,"D"
0,"90119100080080","2654","9821",3,"MF15","A0P","BOLT HEXAGON HEAD W/WASHE","00438",20240509,1500,22,22,,"D"
0,"9010510M000080","7998","9821",3,"MF15","A0P","BOLT W/W  X45","00865",20240509,1500,43,43,,"D"
0,"60V8366D000080","7705","9821",3,"MF15","A0P","CONNECTOR 3","00526",20240509,1400,43,43,,"D"
0,"93210070030080","0114","9821",3,"MF15","A0P","O-RING","00264",20240509,1000,22,22,,"D"
0,"97E95065160080","7998","9821",3,"MF15",,"BOLT,HEX. HEAD W/W DEEP RECESS","00952",20240509,1500,43,43,,"D"
0,"6EK11181000080","5350","9821",3,"MF15","A0P","GASKET,CYLINDER HEAD 1","00708",20240509,1000,3,3,,"D"
0,"6EK11193000080","8524","9821",3,"MF15","A0P","GASKET,HEAD COVER 1","00187",20240509,1500,3,3,,"D"
0,"6EK13645000080","4926","9821",3,"MF15","A0P","GSKT.,INT. MANIFOLD 1","00187",20240509,1500,3,3,,"D"
0,"69J11351120080","1708","9821",3,"MF15","A0P","GASKET,CYLINDER 1","00299",20240509,1500,9,9,,"D"
0,"69J15312020080","1708","9821",3,"MF15","A0P","GASKET,OIL PAN","00177",20240509,1500,8,8,,"D"
0,"69J45113210080","1708","9821",3,"MF15","A0P","GASKET,UPPER CASING 1","00177",20240509,1500,8,8,,"D"
0,"6CE45373000080","8300","9821",3,"MF15","A0P","ANODE,1","00027",20240509,1500,40,40,,"D"
0,"6S141136010080","1708","9821",3,"MF15","A0P","GSKT.,EXT. MANIFOLD 4","00165",20240509,1500,8,8,,"D"
0,"69J13440040080","0733","9821",3,"MF15","A0P","OIL CLEANER ASSY.","00159",20240509,1000,8,8,,"D"
0,"69J41135A00080","1708","9821",3,"MF15","A0P","GSKT,EXH.MANIHOLD 3","00339",20240509,1500,8,8,,"D"
0,"9360816M160080","8713","9821",3,"MF15","A0P","PIN,DOWEL","00871",20240509,1500,300,300,,"D"
0,"6P211181000080","5350","9821",3,"MF15","A0P","GASKET,CYLINDER HEAD 1","00512",20240509,1000,1,1,,"D"
0,"6GR2819K120080","2819","9821",3,"MF15","A0P","MANUAL,SET UP","00809",20240509,1500,13,13,,"D"
0,"67F11654000080","942T","9821",3,"MF15","A0P","BOLT,CONNECTING ROD BIG E","00381",20240509,1500,4,4,,"D"
0,"6C511181010080","1708","9821",3,"MF15","A0P","GASKET,CYLINDER HEAD 1","00515",20240509,1500,3,3,,"D"
0,"90119082020080","7998","9821",3,"MF15","A0P","BOLT,HEX. W/WASHER","00110",20240509,1500,24,24,,"D"
0,"90119070010080","3873","9821",3,"MF15","A0P","BOLT,HEX. W/WASHER","00544",20240509,1500,4,4,,"D"
0,"6EK11351010080","5350","9821",3,"MF15","A0P","GASKET,CYLINDER 1","00068",20240509,1000,3,3,,"D"
0,"6ML2819K100080","2819","9821",3,"MF15","A0P","MANUAL,SET UP","00088",20240509,1500,32,32,,"D"
0,"90149110010080","4921","9832",1,"MF17","BC1","SCREW","00393",20240509,1000,2600,2600,,"D"
0,"6GR11927000080","0349","9832",1,"MF30","BC1","LIFTER","00289",20240509,1100,20,20,,"D"
0,"6GR13910000080","4527","9832",1,"MF30","BC1","FUEL PUMP ASSY.","00286",20240509,1000,20,20,,"D"
0,"90155100090080","4921","9832",1,"MF30",,"SCREW,C/RECD. FLAT FILLISTER","00750",20240509,1100,500,500,,"D"
0,"6KN11630000080","0250","9832",1,"MF30","BC4","PISTON ASSY.","00276",20240509,1000,80,80,,"D"
0,"6CE13446109S80","7536","9832",1,"MF30","BC1","CONNECTOR","00106",20240509,1100,130,130,,"D"
0,"6CB1135A000080","3525","9832",2,"MF30","BCS","BRKT.","00076",20240509,1500,140,140,,"D"
0,"90105082200080","2654","9832",1,"MF30","BC1","BOLT,FLG.","00580",20240509,1100,300,300,,"D"
0,"90119080090080","2654","9832",1,"MF30","BC1","BOLT HEXAGON HEAD W/WASHE","00827",20240509,1100,500,500,,"D"
0,"9011908M660080","2654","9832",1,"MF30","BC1","BOLT W/WX55","00212",20240509,1100,500,500,,"D"
0,"90119070010080","3873","9832",1,"MF30","BC1","BOLT,HEX. W/WASHER","00525",20240509,1100,1320,1320,,"D"
0,"90105081750080","0806","9832",1,"MF30","BC1","BOLT,FLG.","00368",20240509,1100,3400,3400,,"D"
0,"6P21131C009S80","3525","9832",2,"MF30","BCS","COVER,JOINT.","00587",20240509,1500,60,60,,"D"
0,"6CE1131C009S80","9515","9832",1,"MF30","BCS","COVER,JOINT.","00578",20240509,1000,144,144,,"D"
0,"6P211191009S80","7536","9832",1,"MF35","BC1","COVER,CYLINDER","00371",20240509,1000,54,54,,"D"
0,"6P211192009S80","7536","9832",1,"MF35","BC1","COVER,CYLINDER HEAD 2","00371",20240509,1000,54,54,,"D"
0,"6ML11650000080","1120","9832",1,"MF36",,"CONN. ROD ASSY.,1","00093",20240509,1100,300,300,,"D"
0,"6CB11650100080","1120","9832",1,"MF36",,"CONN. ROD ASSY.,1","00244",20240509,1100,600,600,,"D"
0,"6GR11650100080","1120","9832",1,"MF36","BC4","CONN. ROD ASSY.,1","00542",20240509,1200,96,96,,"D"
0,"6P211650000080","1120","9832",1,"MF36","BC1","CONN. ROD ASSY.,1","00498",20240509,1200,180,180,,"D"
0,"6GR12651000080","2721","9834",1,"MF30",,"AIR SHROUD,CYLINDER 1","00293",20240509,1000,10,10,,"D"
0,"6GR8259M000080","7922","9834",1,"MF30",,"WIRE HARNESS ASSY.,2","00293",20240509,1000,10,10,,"D"
0,"6GR82117000080","7922","9834",1,"MF30",,"WIRE,LEAD","00293",20240509,1000,10,10,,"D"
0,"4P983591000080","3624","9834",1,"MF30",,"THERM.UNIT","00293",20240509,1100,10,10,,"D"
0,"6GR24560010080","8613","9834",1,"MF30",,"FILTER ASSY.","00776",20240509,1000,10,10,,"D"
0,"90149110010080","4921","9835",1,"MF17",,"SCREW","00173",20240509,1000,400,400,,"D"
0,"90155100100080","4921","9835",1,"MF17",,"SCREW,C/RECD. FLAT FILLISTER","00259",20240509,1000,100,100,,"D"
0,"90149100720080","4921","9835",1,"MF17",,"SCREW","00946",20240509,1000,300,300,,"D"
0,"6EK82553110080","3639","9835",1,"MF31",,"WIRE,LEAD EXTENSION","00748",20240509,1100,30,30,,"D"
0,"6DA41114010080","1708","9835",1,"MF31",,"GASKET,EXHAUST OUTER COVER","00278",20240509,1100,40,40,,"D"
0,"90105081750080","0806","9835",1,"MF31",,"BOLT,FLG.","00278",20240509,1100,800,800,,"D"
0,"90105104060080","4921","9835",1,"MF31",,"BOLT,FLG.","00252",20240509,1100,150,150,,"D"
0,"90119070010080","3873","9835",1,"MF31",,"BOLT,HEX. W/WASHER","00278",20240509,1100,160,160,,"D"
0,"6EK11630020080","0250","9835",1,"MF31","BD1","PISTON ASSY.","00622",20240509,1000,120,120,,"D"
0,"6EK11181000080","5350","9835",1,"MF31","BD2","GASKET,CYLINDER HEAD 1","00076",20240509,1000,30,30,,"D"
0,"90105081700080","2654","9835",1,"MF31","BD1","BOLT,FLG.","00141",20240509,1100,250,250,,"D"
0,"90119100570080","7998","9835",1,"MF31","BD1","BOLT,HEX. W/WASHER","00198",20240509,1100,300,300,,"D"
0,"63P11181000080","5350","9835",1,"MF31","BD2","GASKET,CYLINDER HEAD 1","00164",20240509,1000,10,10,,"D"
0,"68V11631020080","0250","9835",1,"MF31","BD3","PISTON","00631",20240509,1000,2,2,,"D"
0,"6E511447000080","4548","9835",1,"MF31","BD1","SEAL,CRANK","00711",20240509,1100,200,200,,"D"
0,"93310836U00A80","2662","9835",1,"MF31","BD3","VEU364621AB1-6","00618",20240509,1100,120,120,,"D"
0,"9011908M660080","2654","9835",1,"MF31","BD3","BOLT W/WX55","00299",20240509,1100,500,500,,"D"
0,"9011908M910080","2654","9835",1,"MF31","BD3","BOLT HEXAGON HEAD W/WASHE","00227",20240509,1100,400,400,,"D"
0,"63P11191009S80","7506","9835",1,"MF35","BD3","COVER,CYLINDER","00167",20240509,1000,32,32,,"D"
0,"6G511111041S80","3525","9835",1,"MF35",,"HEAD,CYLINDER 1","00203",20240509,1000,40,40,,"D"
0,"6EK11650000080","1120","9835",1,"MF36","BD1","CONN. ROD ASSY.,1","00204",20240509,1100,144,144,,"D"
0,"63P11650100080","1120","9835",1,"MF36","BD1","CONN. ROD ASSY.,1","00194",20240509,1100,30,30,,"D"
0,"6CB11650100080","1120","9835",1,"MF36","BD3","CONN. ROD ASSY.,1","00930",20240509,1100,150,150,,"D"
0,"67F11650000080","942T","9835",1,"MF36","BD3","CONNECTING ROD ASS'Y","00384",20240509,1100,2,2,,"D"
0,"60H11650000080","9151","9835",1,"MF36","BD1","CONN. ROD ASSY.,1","00521",20240509,1000,128,128,,"D"
0,"6DA46241000080","0336","9836",1,"MF31",,"BELT","00080",20240509,1500,80,80,,"D"
0,"6DA85561000080","2720","9836",1,"MF31",,"BASE,MAGNETO","00977",20240509,1000,40,40,,"D"
0,"6DV4820A010080","4553","9836",1,"MF31","BH1","ACTUATOR UNIT","00770",20240509,1100,16,16,,"D"
0,"90149100720080","4921","9844",1,"MF17",,"SCREW","00002",20240509,1000,450,450,,"D"
0,"90105090090080","4921","9844",1,"MF32","BEC","BOLT,FLG.","00054",20240509,1100,600,600,,"D"
0,"6CJ11630000080","0250","9844",1,"MF32","BEA","PISTON ASSY.","00626",20240509,1000,124,124,,"D"
0,"69W11630010080","0250","9844",1,"MF32","BEA","PISTON ASSY.","00415",20240509,1000,124,124,,"D"
0,"97513065350080","0806","9844",1,"MF32","BEC","BOLT HEXAGON HEAD WITH WA","00431",20240509,1100,800,800,,"D"
0,"90119081540080","2654","9844",1,"MF32","BEC","BOLT,HEX. W/WASHER","00355",20240509,1100,750,750,,"D"
0,"90105082200080","2654","9844",1,"MF32",,"BOLT,FLG.","00733",20240509,1100,150,150,,"D"
0,"90105081750080","0806","9844",1,"MF32",,"BOLT,FLG.","00699",20240509,1100,60,60,,"D"
0,"90119100570080","7998","9844",1,"MF32",,"BOLT,HEX. W/WASHER","00733",20240509,1100,500,500,,"D"
0,"90105081700080","2654","9844",1,"MF32",,"BOLT,FLG.","00733",20240509,1100,500,500,,"D"
0,"6FPY111K000080","6298","9844",1,"MF35",,"COVER,CYLINDER HEAD ASSY","00699",20240509,1100,30,30,,"D"
0,"6C511650100080","1120","9844",1,"MF36","BEA","CONN. ROD ASSY.,1","00645",20240509,1100,252,252,,"D"
0,"6EK82553110080","3639","9847",1,"MF32",,"WIRE,LEAD EXTENSION","00777",20240509,1100,20,20,,"D"
0,"6ML15411009S80","9515","9851",1,"MF34","BK1","COVER,CRANKCASE 1","00093",20240509,1000,48,48,,"D"
0,"6ML15421009S80","9515","9851",1,"MF34","BK1","COVER,CRANK CASE 2","00093",20240509,1000,48,48,,"D"
0,"6ML11630000080","0250","9851",1,"MF34",,"PISTON ASSY.","00094",20240509,1000,300,300,,"D"
0,"6ML13710000080","3544","9851",0,"MF34",,"MIXING ASSY.","00094",20240509,1100,50,50,,"D"
0,"6ML14440000080","8613","9851",1,"MF34",,"SILENCER ASSY.","00095",20240509,1000,50,50,,"D"
0,"6GR15423009S80","9515","9851",1,"MF34",,"COVER,2","00291",20240509,1000,10,10,,"D"
0,"6GR15413009S80","9515","9851",1,"MF34",,"COVER","00291",20240509,1000,10,10,,"D"
0,"6GR1241B009S80","9515","9851",1,"MF34",,"COVER,THERMOSTAT 2","00291",20240509,1000,10,10,,"D"
0,"6GR13161000080","3618","9851",1,"MF34",,"PIPE,DELIVERY 1","00292",20240509,1100,20,20,,"D"
0,"6GR13761000080","4527","9851",1,"MF34",,"INJECTOR","00291",20240509,1000,80,80,,"D"
0,"6GR82421100080","4527","9851",1,"MF34",,"SENSOR,FUEL PRESSURE","00105",20240509,1000,30,30,,"D"
0,"6GR82386000080","7922","9851",1,"MF34",,"EXTENSION WIRE HARNESS","00291",20240509,1000,10,10,,"D"
0,"6GR82386100080","7922","9851",1,"MF34",,"EXTENSION WIRE HARNESS","00291",20240509,1000,10,10,,"D"
0,"6EK12413000080","4915","9851",1,"MF34",,"COVER,THERMOSTAT","00458",20240509,1100,50,50,,"D"
0,"6EK1243A000080","942X","9851",1,"MF34",,"HOSE,1","00458",20240509,1100,50,50,,"D"
0,"6EK13300000080","3544","9851",1,"MF34",,"OIL PUMP ASSY.","00458",20240509,1100,51,51,,"D"
0,"6EK15414009S80","9515","9851",1,"MF34","BK1","COVER 1","00188",20240509,1000,20,20,,"D"
0,"6DA13300000080","3544","9851",1,"MF34",,"OIL PUMP ASSY.","00278",20240509,1100,20,20,,"D"
0,"6DA15414009S80","9515","9851",1,"MF34","BK1","COVER 1","00270",20240509,1000,14,14,,"D"
0,"6DA15423009S80","9515","9851",1,"MF34","BK1","COVER 2","00270",20240509,1000,14,14,,"D"
0,"6DA15411009S80","9515","9851",1,"MF34","BK1","COVER,CRANK CASE 1","00253",20240509,1000,32,32,,"D"
0,"6DA15319000080","6236","9851",2,"MF34",,"JT.","00224",20240509,1000,48,48,,"D"
0,"6GR15414019S80","9515","9851",1,"MF34",,"COVER 1","00499",20240509,1000,10,10,,"D"
0,"6FP15414009S80","9515","9851",1,"MF34","BK1","COVER 1","00417",20240509,1000,32,32,,"D"
0,"6GR11136000080","3857","9851",0,"MF34",,"PLATE,BREATHER 4","00269",20240509,1100,10,10,,"D"
0,"6GR11135000080","3857","9851",0,"MF34",,"PLATE,BREATHER 3","00269",20240509,1100,10,10,,"D"
0,"6EK11630020080","0250","9851",1,"MF34",,"PISTON ASSY.","00669",20240509,1000,80,80,,"D"
0,"6CE11630020080","0250","9851",0,"MF34",,"PISTON ASSY.","00241",20240509,1000,426,426,,"D"
0,"6EK85561000080","2720","9851",1,"MF34",,"BASE,MAGNETO","00063",20240509,1000,20,20,,"D"
0,"6JD11630000080","0250","9851",0,"MF34",,"PISTON ASSY.","00681",20240509,1000,174,174,,"D"
0,"6KA83383010080","4517","9851",1,"MF34",,"BUZZER","00339",20240509,1100,13,13,,"D"
0,"6C585561000080","7506","9851",1,"MF34",,"BASE,MAGNETO","00107",20240509,1000,50,50,,"D"
0,"6DV4820A010080","4553","9851",1,"MF34",,"ACTUATOR UNIT","00990",20240509,1100,50,50,,"D"
0,"6FP11630010080","0250","9851",1,"MF34",,"PISTON ASSY.","00956",20240509,1000,164,164,,"D"
0,"6EK11633000080","3542","9851",1,"MF34",,"PIN,PISTON","00724",20240509,1100,300,300,,"D"
0,"6CB14440010080","8806","9851",1,"MF34",,"SILENCER ASSY.","00781",20240509,1100,60,60,,"D"
0,"6CE44117100080","3525","9851",1,"MF34",,"BRKT.,1","00807",20240509,1500,136,136,,"D"
0,"K0FA3233000080","7644","9851",1,"MF34",,"RING,HOLE SNAP","00962",20240509,1000,1500,1500,,"D"
0,"6CE15411009S80","9515","9851",1,"MF34","BK1","COVER,CRANK CASE 1","00799",20240509,1000,90,90,,"D"
0,"6CE15421109S80","9515","9851",1,"MF34","BK1","COVER,CRANK CASE 2","00799",20240509,1000,90,90,,"D"
0,"6P212413009S80","9515","9851",1,"MF34","BK1","COVER,THERMOSTAT","00080",20240509,1000,48,48,,"D"
0,"6P213446009S80","7536","9851",1,"MF34",,"CONNECTOR","00057",20240509,1100,40,40,,"D"
0,"6DA41113009S80","7536","9851",1,"MF34",,"OUTER-COVER,EXHAUST","00790",20240509,1100,20,20,,"D"
0,"6DA12527009S80","2720","9851",1,"MF34",,"COVER,WATER BYPASS","00798",20240509,1000,20,20,,"D"
0,"69J41111019S80","9515","9851",1,"MF34","BK1","INNER-COVER,EXHAUST","00029",20240509,1000,48,48,,"D"
0,"69J41113029S80","9515","9851",1,"MF34","BK1","OUTER-COVER,EXHAUST","00953",20240509,1000,36,36,,"D"
0,"69J41121019S80","9515","9851",1,"MF34","BK1","INNER COVER EXHAUST 2","00029",20240509,1000,48,48,,"D"
0,"69J41123029S80","9515","9851",1,"MF34","BK1","OUTER COVER EXHAUST 2","00953",20240509,1000,36,36,,"D"
0,"6FP85561000080","2720","9851",1,"MF34",,"BASE,MAGNETO","00709",20240509,1000,40,40,,"D"
0,"6ML4820A000080","4553","9851",1,"MF34",,"ACTUATOR UNIT","00093",20240509,1100,86,86,,"D"
0,"6GR85A61010080","3639","9851",0,"MF34",,"ELECTRIC POWER MANAGEMENT UNIT","00065",20240509,1100,10,10,,"D"
0,"6KN14615009S80","4100","9851",1,"MF35",,"JT.,EXT. 1","00239",20240509,1400,15,15,,"D"
0,"6KN14625009S80","4100","9851",1,"MF35",,"JT.,EXT. 2","00239",20240509,1400,15,15,,"D"
0,"6P215411019S80","7536","9851",1,"MF35",,"COVER,CRANK CASE 1","00057",20240509,1500,40,40,,"D"
0,"6EK11650000080","1120","9851",1,"MF36",,"CONN. ROD ASSY.,1","00728",20240509,1100,252,252,,"D"
0,"6P215512000080","2662","9852",1,"MF33","BF7","GEAR,IDLER 1","00595",20240509,1100,18,18,,"D"
0,"6P212618220080","3544","9852",1,"MF33","BF7","PULLEY,1","00101",20240509,1100,20,20,,"D"
0,"6P211590030080","7565","9852",1,"MF33","BF7","TENSIONER ASSY.,1","00062",20240509,1100,8,8,,"D"
0,"90155100090080","4921","9852",1,"MF33","BF7","SCREW,C/RECD. FLAT FILLISTER","00158",20240509,1100,100,100,,"D"
0,"69J15451010080","1708","9852",1,"MF33","BF7","GSKT.,CRANKCASE COVER 1","00272",20240509,1100,8,8,,"D"
0,"6P213300000080","3544","9852",1,"MF33","BF7","OIL PUMP ASSY.","00464",20240509,1100,6,6,,"D"
0,"6FA11567000080","2720","9852",1,"MF33",,"GEAR,DRIVEN 2","00199",20240509,1100,16,16,,"D"
0,"6P2Y161A060080","9856","9852",1,"MF35","BF7","HEAD CYL.1 ASSY.","00065",20240509,1500,6,6,,"D"
0,"6P2Y162A060080","9856","9852",1,"MF35","BF7","HEAD CYL.2 ASSY.","00065",20240509,1500,6,6,,"D"
0,"6P2Y161P130080","9856","9852",1,"MF35","BF7","HEAD CYL.1 ASSY","00023",20240509,1500,1,1,,"D"
0,"6P215411019S80","7536","9852",1,"MF35","BF7","COVER,CRANK CASE 1","00463",20240509,1500,7,7,,"D"
0,"6P211650000080","1120","9852",1,"MF36","BF7","CONN. ROD ASSY.,1","00447",20240509,1100,60,60,,"D"
0,"6CB15481000080","4921","9853",2,"MF37","BA1","BOLT,1","00504",20240509,1100,800,800,,"D"
0,"6CB15187000080","4921","9853",2,"MF37","BA1","BOLT","00508",20240509,1100,750,750,,"D"
0,"90344550020080","1604","9853",2,"MF37","BA1","PLUG,TAPER SCREW","00850",20240509,1100,200,200,,"D"
0,"6DA11630210080","0250","9862",2,"MF37",,"PISTON ASSY.","00308",20240509,1000,100,100,,"D"
0,"64D11630020080","0250","9862",2,"MF37",,"PISTON ASSY.","00914",20240509,1000,48,48,,"D"
0,"64D11630120080","0250","9862",2,"MF37",,"PISTON ASSY.","00875",20240509,1000,24,24,,"D"
0,"64D11640020080","0250","9862",2,"MF37",,"PISTON CONN. ROD ASSY.","00914",20240509,1000,48,48,,"D"
0,"64D11640120080","0250","9862",2,"MF37",,"PISTON CONN. ROD ASSY.","00875",20240509,1000,24,24,,"D"
0,"64C15110140080","1056","9862",2,"MF37",,"CRANKCASE ASSY.,1","00082",20240509,1100,1,1,,"D"
0,"6C5153110100MA","8493","9519",0,"MF09",,"PAN,OIL","00834",20240509,1400,50,50,,"D"
0,"6GR45111000080","6107","9520",1,"MF01","AA1","CASING,UPPER","00290",20240509,1400,10,10,,"D"
0,"6GR44551000080","2202","9520",1,"MF01",,"HSG.,LOWER MOUNT RUBBER 1","00289",20240509,1400,10,10,,"D"
0,"6GR44551000080","2202","9520",1,"MF01",,"HSG.,LOWER MOUNT RUBBER 1","A0014",20240509,1400,1,1,,"D"
0,"6ML43111000080","1002","9520",1,"MF01","AA1","BRKT.,CLAMP(1)","00100",20240509,1600,88,88,,"D"
0,"6ML43112000080","1002","9520",1,"MF01","AA1","BRKT.,CLAMP(2)","00099",20240509,1600,87,87,,"D"
0,"6EK44551000080","2202","9520",1,"MF01","AA1","HSG.,LOWER MOUNT RUBBER 1","00295",20240509,1400,90,90,,"D"
0,"6DA44551000080","2202","9520",1,"MF01","AA1","HSG.,LOWER MOUNT RUBBER 1","00296",20240509,1400,30,30,,"D"
0,"6LH43311100080","2202","9520",1,"MF01","AA1","BRKT.,SWIVEL (1)","00348",20240509,1400,24,24,,"D"
0,"69W4531101YX80","8478","9520",1,"MF01","AA1","CASING,LOWER 1","00284",20240509,1400,30,30,,"D"
0,"6CB43311010080","2202","9520",1,"MF01","AA1","BRKT.,SWIVEL (1)","00118",20240509,1400,1,1,,"D"
0,"69W44551000080","2202","9520",1,"MF01","AA1","HOUSING, LOWER MOUNT RUBB","00602",20240509,1400,10,10,,"D"
0,"6C544551000080","2202","9520",1,"MF01","AA1","HOUSING, LOWER MOUNT RUBB","00411",20240509,1400,36,36,,"D"
0,"6C545111000080","8478","9520",1,"MF01","AA1","CASING, UPPER","00359",20240509,1400,48,48,,"D"
0,"66344551020080","2202","9520",1,"MF01","AA1","HOUSING, LOWER MOUNT RUBB","00901",20240509,1400,60,60,,"D"
0,"6U345311010080","2202","9520",1,"MF01","AA2","CASING,LOWER 1","00398",20240509,1400,2,2,,"D"
0,"6CE44551000080","2202","9520",1,"MF01","AA1","HSG.,LOWER MOUNT RUBBER 1","00832",20240509,1400,144,144,,"D"
0,"64E43311100080","2202","9520",1,"MF01","AA1","BRACKET SWIVEL(1)","00498",20240509,1400,36,36,,"D"
0,"69J44551000080","2202","9520",1,"MF01","AA1","HOUSING, LOWER MOUNT RUBB","00920",20240509,1400,40,40,,"D"
0,"68V44551000080","2202","9520",1,"MF01","AA1","HOUSING, LOWER MOUNT RUBB","00456",20240509,1400,40,40,,"D"
0,"6CB44551010080","2202","9520",2,"MF01","AA1","HSG.,LOWER MOUNT RUBBER 1","00383",20240509,1400,31,31,,"D"
0,"67F13411000080","8784","9525",1,"MF18","AE2","STRAINER,OIL","00680",20240509,1600,110,110,,"D"
0,"6DA42510008D80","3525","9530",1,"MF10","AG4","BRACKET STEERING ASSY","00265",20240509,1600,3,3,,"D"
0,"6DA42510108D80","3525","9530",1,"MF10","AG4","BRACKET STEERING ASSY","00361",20240509,1600,17,17,,"D"
0,"6E542510258D80","3525","9530",1,"MF10","AG4","BRACKET STEERING ASSY","00274",20240509,1600,20,20,,"D"
0,"6EK42510008D80","3525","9530",1,"MF10","AG4","BRACKET STEERING ASSY","00295",20240509,1600,18,18,,"D"
0,"6EK42510108D80","3525","9530",1,"MF10","AG4","BRKT. STEERING ASSY.","00254",20240509,1600,2,2,,"D"
0,"6LP42510108D80","3525","9530",1,"MF10","AG4","BRACKET STEERING ASSY","00327",20240509,1600,11,11,,"D"
0,"6LH4251010CE80","3525","9530",1,"MF10","AG4","BRACKET STEERING ASSY","00301",20240509,1600,3,3,,"D"
0,"6LH42510008D80","3525","9530",1,"MF10","AG4","BRACKET STEERING ASSY","00044",20240509,1600,3,3,,"D"
0,"6LP42510008D80","3525","9530",1,"MF10","AG4","BRACKET STEERING ASSY","00344",20240509,1600,23,23,,"D"
0,"69W42510018D80","3525","9542",1,"MF10","AJ4","BRACKET STEERING ASSY","00436",20240509,1600,78,78,,"D"
0,"69W4251001CE80","3525","9542",1,"MF10","AJ4","BRACKET STEERING ASSY","00065",20240509,1600,12,12,,"D"
0,"6EK42510108D80","3525","9542",1,"MF10","AJ4","BRKT. STEERING ASSY.","00383",20240509,1600,20,20,,"D"
0,"6GRY816C020080","8784","9543",1,"MF15",,"COVER  ASSY 2","00592",20240509,1600,10,10,,"D"
0,"6GRY819E020080","8784","9543",1,"MF15",,"COVER ASSY 1","00592",20240509,1600,10,10,,"D"
0,"6EE81994700080","7725","9543",1,"MF15",,"LABEL,SAFETY","00187",20240509,1600,7,7,,"D"
0,"6P242717000080","2647","9543",1,"MF15","A0A","RUB.,SEAL 2","00774",20240509,1400,300,300,,"D"
0,"6P242718000080","2647","9543",1,"MF15","A0A","RUB.,SEAL 3","00809",20240509,1400,200,200,,"D"
0,"6CE13437610080","7559","9543",1,"MF15",,"MARK,CAUTION","00521",20240509,1400,100,100,,"D"
0,"60L13437630080","7559","9543",1,"MF15",,"MARK,CAUTION","00486",20240509,1400,100,100,,"D"
0,"63P13437020080","7559","9546",1,"MF15",,"MARK,CAUTION","00337",20240509,1400,1,1,,"D"
0,"90387070280080","3638","9546",1,"MF15",,"COLLAR","00457",20240509,1400,14,14,,"D"
0,"6DA2177VJ00080","7559","9546",1,"MF15",,"PLATE,EPA U50","00014",20240509,1400,3,3,,"D"
0,"6LM2177VJ00080","7559","9546",1,"MF15",,"PLATE,EPA U50","00023",20240509,1400,7,7,,"D"
0,"63P83626000080","7559","9546",1,"MF15",,"MARK,6","00670",20240509,1400,100,100,,"D"
0,"63P13437630080","7559","9546",1,"MF15",,"MARK,CAUTION","00599",20240509,1400,100,100,,"D"
0,"6EH2177VK00080","7559","9546",1,"MF15",,"PLATE,EPA U50","00010",20240509,1400,20,20,,"D"
0,"6FH2177VK00080","7559","9546",1,"MF15",,"PLATE,EPA U50","00009",20240509,1400,10,10,,"D"
0,"6GR13411000080","8784","9550",1,"MF11","AD2","STRAINER,OIL","00006",20240509,1600,10,10,,"D"
0,"69J42510008D80","3525","9552",1,"MF10","AD4","BRACKET STEERING ASSY","00293",20240509,1600,30,30,,"D"
0,"6CB42510008D80","3525","9552",1,"MF10","AD4","BRACKET STEERING ASSY","00227",20240509,1600,20,20,,"D"
0,"6CE42510008D80","3525","9552",1,"MF10","AD4","BRACKET STEERING ASSY","00407",20240509,1600,39,39,,"D"
0,"6CE4251000CE80","3525","9552",1,"MF10","AD4","BRACKET STEERING ASSY","00375",20240509,1600,2,2,,"D"
0,"6GR42510018D80","3525","9552",1,"MF10","AD4","BRKT. STEERING ASSY.","00401",20240509,1600,10,10,,"D"
0,"6KA42510018D80","3525","9552",1,"MF10","AD4","STEERING BRACKET ASSY","00389",20240509,1600,14,14,,"D"
0,"6KA4251001CE80","3525","9552",1,"MF10","AD4","STEERING BRACKET ASSY","00403",20240509,1600,75,75,,"D"
0,"69W459450000MS","8670","9567",1,"MF22","A0C","13 PROP.ASSY3","00741",20240509,1400,15,15,,"D"
0,"69W459470000MS","8670","9567",1,"MF22","A0C","11 PROP ASSY","00326",20240509,1400,5,5,,"D"
0,"6E5459470000MS","8670","9567",1,"MF22","A0C","15 PROP.ASSY4","00724",20240509,1400,5,5,,"D"
0,"6E5459490000MS","8670","9567",1,"MF22","A0C","13 PROP.ASSY5","00528",20240509,1400,1,1,,"D"
0,"6E5459540000MS","8670","9567",1,"MF22","A0C","11 PROP.ASSY7","00208",20240509,1400,35,35,,"D"
0,"6P211193000080","2647","9821",3,"MF15","A0P","GASKET,HEAD COVER 1","00499",20240509,1400,1,1,,"D"
0,"6CB12577000080","2647","9832",2,"MF30","BCS","HOSE,2","00781",20240509,1400,140,140,,"D"
0,"6GR1243A000080","2647","9834",1,"MF30",,"HOSE,1","00293",20240509,1400,10,10,,"D"
0,"6GR1244H000080","2647","9834",1,"MF30",,"HOSE,5","00293",20240509,1400,10,10,,"D"
0,"6GRY825J000080","8784","9834",1,"MF30",,"PROTECTOR,WIRE HARNESS ASSY","00293",20240509,1600,10,10,,"D"
0,"6KN12579000080","2647","9834",1,"MF30",,"HOSE,4","00277",20240509,1400,10,10,,"D"
0,"6EK1460A100080","6206","9835",1,"MF35",,"JT. EXT. ASSY.,1","00168",20240509,1400,24,24,,"D"
0,"6EK1460A100080","6206","9844",1,"MF35",,"JT. EXT. ASSY.,1","00063",20240509,1400,20,20,,"D"
0,"6ML13532000080","2647","9851",1,"MF34",,"HOSE,VACUUM SENSING 3","00029",20240509,1400,100,100,,"D"
0,"90445090080080","2647","9851",2,"MF34",,"HOSE","00336",20240509,1400,293,293,,"D"
0,"6CB13532100080","2647","9851",1,"MF34",,"HOSE,VACUUM SENSING 3","00808",20240509,1400,90,90,,"D"
0,"6P21243A000080","2647","9851",2,"MF34",,"HOSE,1","00843",20240509,1400,50,50,,"D"
0,"6GR11191009S80","2202","9851",0,"MF35",,"COVER,CYLINDER HEAD 1","00269",20240509,1400,10,10,,"D"
0,"6GRY111C010080","2202","9851",0,"MF35",,"COVER CYL HEAD SUB ASSY2","00138",20240509,1400,10,10,,"D"
0,"6KN15411019S80","2202","9851",1,"MF35",,"COVER,CRANKCASE 1","00259",20240509,1400,10,10,,"D"
0,"6KA41137000080","6107","9519",0,"MF09",,"GUIDE,EXHAUST","00793",20240509,1200,88,88,,"D"
0,"6GR41137000080","2798","9519",0,"MF09",,"GUIDE,EXHAUST","00288",20240509,1200,10,10,,"D"
0,"6C514711000080","1130","9519",0,"MF09",,"MUFFLER 1","00697",20240509,1200,20,20,,"D"
0,"6EK15311010080","6107","9519",0,"MF09",,"PAN,OIL","00835",20240509,1200,110,110,,"D"
0,"63P15311020080","2798","9519",0,"MF09",,"PAN,OIL","00136",20240509,1200,4,4,,"D"
0,"63P15311100080","2798","9519",0,"MF09",,"PAN,OIL","00528",20240509,1200,28,28,,"D"
0,"6DA15311000080","2798","9519",0,"MF09",,"PAN,OIL","00491",20240509,1200,16,16,,"D"
0,"6GR45211000080","4100","9520",1,"MF01",,"EXTN.","00137",20240509,1200,4,4,,"D"
0,"6KN42711000080","2798","9520",1,"MF01","AA1","COWLING,BOTTOM 1","00279",20240509,1200,10,10,,"D"
0,"69J42711020080","2798","9520",1,"MF01","AA1","COWLING,BOTTOM 1","00873",20240509,1200,42,42,,"D"
0,"6CE45111010080","2798","9520",1,"MF01",,"CASING,UPPER","00439",20240509,1200,42,42,,"D"
0,"93311675A10080","4559","9523",1,"MF11",,"BRG.","00291",20240509,1200,11,11,,"D"
0,"93311737A20080","4559","9523",1,"MF11",,"BRG.","00997",20240509,1200,9,9,,"D"
0,"93311635910080","4559","9523",1,"MF11","AC1","BRG.","00638",20240509,1200,18,18,,"D"
0,"93311737A20080","4559","9525",1,"MF14",,"BRG.","00758",20240509,1200,20,20,,"D"
0,"6CB13437600080","7559","9543",1,"MF15",,"MARK,CAUTION","00541",20240509,1400,40,40,,"D"
0,"6CE13437000080","7559","9543",1,"MF15","A0A","MARK,CAUTION","00510",20240509,1200,5,5,,"D"
0,"6AH2818U000080","4516","9543",1,"MF15","A0A","TAG,INFORMATION 2","00747",20240509,1200,161,161,,"D"
0,"6EM2177VJ00080","7559","9546",1,"MF15",,"PLATE,EPA U50","00005",20240509,1200,41,41,,"D"
0,"6AH2818U000080","4516","9546",1,"MF15","A0B","TAG,INFORMATION 2","00533",20240509,1200,62,62,,"D"
0,"6GR15351000080","2720","9550",1,"MF11","AD2","PLUG,DRAIN 1","00006",20240509,1200,10,10,,"D"
0,"6AH2818U000080","4516","9567",1,"MF15","A0C","TAG,INFORMATION 2","00369",20240509,1200,42,42,,"D"
0,"6AW2818R000080","4516","9821",3,"MF15","A0P","TAG,CAUTION","00287",20240509,1200,43,43,,"D"
0,"6ML11191000080","7510","9832",1,"MF30","BC2","COVER,CYLINDER HEAD 1","00093",20240509,1200,48,48,,"D"
0,"6CB11191020080","7510","9832",1,"MF30","BC2","COVER,CYLINDER HEAD 1","00864",20240509,1200,98,98,,"D"
0,"6CB11192020080","7510","9832",1,"MF30","BC2","COVER,CYLINDER HEAD 2","00842",20240509,1200,162,162,,"D"
0,"6ML15319000080","7510","9851",1,"MF34",,"JT.","00094",20240509,1200,50,50,,"D"
0,"6CB13711000080","7510","9851",0,"MF34",,"BODY,MIXING","00799",20240509,1200,100,100,,"D"
0,"6CB15319000080","7510","9851",1,"MF34",,"JT.","00808",20240509,1200,90,90,,"D"
0,"60H15110040080","1056","9862",2,"MF37",,"CRANKCASE ASSY.,1","00180",20240509,1200,32,32,,"D"
0,"6F242116000080","93C6","9522",1,"MF14",,"SHAFT,STEERING HANDLE 2","00047",20240509,1600,10,10,,"D"
0,"6ML13437000080","7559","9543",1,"MF15","A0A","MARK,CAUTION","00002",20240509,1600,1,1,3,"D"
